数据id,数据标识,应用部位,产品所属专利号或文献,球头信息_球头基本信息,球头信息_球头_成分组成,球头信息_球头_物理性能,球头信息_球头_微观组织,股骨柄信息_股骨柄基本信息,股骨柄信息_股骨柄_成分组成,股骨柄信息_股骨柄_物理性能,股骨柄信息_股骨柄_微观组织,内衬信息_内衬_基本信息,内衬信息_内衬_改性填料,内衬信息_内衬_成分组成,内衬信息_内衬_物理性能,内衬信息_复合材料性能,内衬信息_内衬_材料表征,体外实验_内衬与球头摩擦腐蚀实验_内衬与球头_实验设置,体外实验_内衬与球头摩擦腐蚀实验_球头腐蚀实验结果,体外实验_内衬与球头摩擦腐蚀实验_内衬腐蚀实验结果,体外实验_内衬与球头摩擦腐蚀实验_内衬与球头_实验环境_润滑液组成,体外实验_内衬与球头摩擦腐蚀实验_球头磨损实验结果,体外实验_内衬与球头摩擦腐蚀实验_内衬磨损实验结果,体外实验_内衬与球头摩擦腐蚀实验_球头表面成分分析,体外实验_球头与锥颈界面微动腐蚀实验_球头与锥颈_实验设置,体外实验_球头与锥颈界面微动腐蚀实验_锥颈与球头_实验环境_润滑液组成,体外实验_球头与锥颈界面微动腐蚀实验_腐蚀与磨损实验结果,paper_id,created_at,updated_at
AJ_20251016_be0c9737_EXP001,耐磨材料综述-未指定配对,,,,,,,,,,,,,,,,,,,,,,,,,,,,,
AJ_20251016_be0c9737_EXP001,CoCr-CFR PEEK摩擦磨损实验,髋关节,,"{""材料类别"": ""CoCr""}",,,,,,,,"{""材料类别"": ""CFR PEEK"", ""改性填料"": ""30% carbon fiber reinforced"", ""加工工艺"": ""machined from rod form""}","{""填料种类"": ""carbon fiber"", ""添加量"": ""30%""}","{""材料名称"": ""CFR PEEK"", ""成分"": ""30% carbon fiber reinforced PEEK""}","{""弹性模量"": ""6000 MPa"", ""密度"": ""1.38 mg/mm³"", ""Ball Indentation Hardness"": ""298 MPa""}","{""外径"": ""9 mm"", ""高度"": ""12 mm"", ""拉伸强度"": ""112 MPa"", ""断裂伸长率"": ""10%""}",,"{""测试设备"": ""50-station pin-on-disc machine (SuperCTPOD)"", ""摩擦测试条件"": ""elliptical orbital motion"", ""负载"": ""70.7 N"", ""滑动距离"": ""34.62 mm per cycle"", ""运动频率"": ""1 Hz"", ""磨损轨迹路径"": ""12×10 mm"", ""接触应力范围"": ""1.11 MPa to 5.30 MPa""}",,,,"{""重量变化"": ""not significant (ANOVA p-value: 1.00)""}","{""Group 1 (1.11 MPa)"": {""总重量损失"": ""3.97±1.23 mg"", ""磨损率"": ""1.59±1.34 mg/Mc"", ""磨损因子"": ""0.42±0.40 ×10⁻⁶ mm³/Nm""}, ""Group 2 (1.38 MPa)"": {""总重量损失"": ""1.72±0.23 mg"", ""磨损率"": ""0.65±0.15 mg/Mc"", ""磨损因子"": ""0.19±0.04 ×10⁻⁶ mm³/Nm""}, ""Group 3 (1.68 MPa)"": {""总重量损失"": ""1.52±0.24 mg"", ""磨损率"": ""0.61±0.38 mg/Mc"", ""磨损因子"": ""0.18 ×10⁻⁶ mm³/Nm""}, ""Group 4 (2.00 MPa)"": {""总重量损失"": ""1.67±0.34 mg""}, ""Group 5 (5.30 MPa)"": {""总重量损失"": ""1.63±0.34 mg""}, ""对照组重量增加"": ""0.75-0.99 mg"", ""统计分析"": ""Groups 2-5 weight loss insignificant (ANOVA p-value: 0.797); Group 1 vs others significant (ANOVA p-value: 0.007)""}",,,,,,,
AJ_20251016_be0c9737_EXP001,CoCrMo-PEEK扭转微动摩擦磨损,,,"{""材料类别"": ""CoCrMo合金"", ""加工工艺"": null, ""表面处理"": null}",,,,,,,,"{""材料类别"": ""PEEK"", ""分子量"": null, ""结晶度"": null, ""改性填料"": null, ""加工工艺"": null, ""表面处理"": null}",,,"{""硬度"": ""高于UHMWPE（具体数值未提及）"", ""抗蠕变性"": ""压痕深度约为UHMWPE的1/13""}","{""吸水性"": ""高于UHMWPE"", ""耐磨性"": ""优于UHMWPE""}",,"{""测试类型"": ""扭转微动实验"", ""试样配对"": ""CoCrMo pin与PEEK plate"", ""润滑液类型"": ""25%牛血清"", ""运行状态"": ""混合滑移区和滑移区"", ""摩擦转矩变化"": ""T-θ曲线随角位移幅值增加从椭圆型变为平行四边形型""}","{""实验类型"": ""扭转微动腐蚀实验"", ""测量参数"": ""极化曲线和腐蚀电流""}",,"{""环境名称"": ""牛血清润滑"", ""成分"": ""25%牛血清""}",,"{""磨损表面特征"": ""比UHMWPE更窄更浅"", ""平均摩擦系数"": ""略高于UHMWPE""}",,,,,,,
AJ_20251016_be0c9737_EXP002,CoCrMo-UHMWPE摩擦磨损对比,,,"{""材料类别"": ""CoCrMo合金""}",,,,,,,,"{""材料类别"": ""UHMWPE""}",,,,,,"{""润滑液类型"": ""25%牛血清""}",,,"{""环境名称"": ""牛血清润滑"", ""浓度"": ""25%""}",,"{""磨损形貌"": ""磨损表面较宽且较深""}",,,,,,,
AJ_20251016_be0c9737_EXP001,CoCrMo-UHMWPE不同腐蚀电位摩擦磨损实验,,,"{""材料类别"": ""CoCrMo合金""}",,,,,,,,"{""材料类别"": ""UHMWPE""}",,,,,,"{""测试条件"": ""三种腐蚀电位(OCP, 0.5V, -0.5V)"", ""测试环境"": ""生物环境""}","{""静态腐蚀电位"": ""CoCrMo合金静态腐蚀电位稳定"", ""腐蚀描述"": ""被动膜被破坏""}",,,"{""磨损描述"": ""阴极保护条件(-0.5V)下磨损损失最低，减少了腐蚀损失""}","{""磨屑分类"": ""球类(分形维数0-0.40)、片/块类(分形维数0.4-0.62)、条/叶/杆类(分形维数0.62-1)"", ""磨屑数量"": ""OCP电压下运转10万转后提取1034个磨屑""}",,,,,,,
AJ_20251016_be0c9737_EXP001,Ti6Al4V/Ti6Al4V摩擦腐蚀实验,,,"{""材料类别"": ""Ti6Al4V""}",,,,,,,,"{""材料类别"": ""Ti6Al4V""}",,,,,,"{""测试条件"": ""potentiostatic conditions"", ""表面粗糙度"": ""fixed starting surface roughness""}","{""腐蚀电流密度"": ""3 mA/cm² at 73 MPa, 0.2 mA/cm² at 166 MPa, 4 μA/cm² at highest stress"", ""摩擦系数"": ""0.63 at 73 MPa""}",,,,,,,,,,,
AJ_20251016_be0c9737_EXP002,CoCrMo/Ti6Al4V摩擦腐蚀实验,,,"{""材料类别"": ""CoCrMo合金""}",,,,,,,,"{""材料类别"": ""Ti6Al4V合金""}",,,,,,"{""测试条件"": ""potentiostatic conditions"", ""表面粗糙度"": ""fixed starting surface roughness"", ""接触应力范围"": ""0-1000 MPa""}","{""腐蚀电流密度"": ""0.6 mA/cm²"", ""应力水平"": ""80-100 MPa plateau region""}",,"{""环境"": ""aqueous solutions""}","{""摩擦系数"": ""0.3""}",,,,,,,,
AJ_20251016_be0c9737_EXP003,CoCrMo/CoCrMo摩擦腐蚀实验,,,"{""材料类别"": ""CoCrMo合金""}",,,,,,,,"{""材料类别"": ""CoCrMo合金""}",,,,,,"{""测试条件"": ""恒电位条件"", ""初始表面粗糙度"": ""固定值""}","{""腐蚀电流密度"": ""1.2 mA/cm² (at 350 MPa)"", ""应力范围"": ""平台区100-650 MPa""}","{""腐蚀电流密度"": ""1.2 mA/cm² (at 350 MPa)"", ""应力范围"": ""平台区100-650 MPa""}","{""环境"": ""水溶液""}",,,,,,,,,
AJ_20251016_be0c9737_EXP001,CoCrMo-高交联UHMWPE扭转摆动摩擦腐蚀实验,膝关节,,"{""材料类别"": ""CoCrMo合金""}",,,,,,,,"{""材料类别"": ""高交联UHMWPE"", ""加工工艺"": ""辐照交联""}",,,,,,"{""测试条件"": ""扭转和摆动运动"", ""运动形式"": ""扭转磨损运动和摆动运动""}",,,,,"{""磨损行为"": ""磨损损失受摆动角度和法向载荷影响""}",,,,,,,
AJ_20251016_be0c9737_EXP002,CoCrMo-PEEK扭转摆动摩擦腐蚀实验,膝关节,,"{""材料类别"": ""CoCrMo合金""}",,,,,,,,"{""材料类别"": ""PEEK""}",,,,,,"{""测试类型"": ""扭转摆动摩擦腐蚀"", ""运动形式"": ""扭转磨损运动和摆动运动""}",,,,,,,,,,,,
AJ_20251016_be0c9737_EXP001,锻造CoCrMo-锻造CoCrMo摩擦腐蚀实验,人工关节,,"{""材料类别"": ""CoCrMo合金"", ""加工工艺"": ""锻造""}",,,,,,,,"{""材料类别"": ""CoCrMo合金"", ""加工工艺"": ""锻造""}",,,,,,"{""测试设备"": ""UMT-2多功能摩擦磨损试验机和电化学工作站（CHI614E）"", ""润滑液类型"": ""25%小牛血清溶液"", ""负载"": ""不同载荷条件"", ""年循环负荷"": ""100-300万次""}","{""腐蚀电位"": ""-820 mV"", ""钝化现象"": ""在0.5-0.75 V区域出现两次钝化现象"", ""腐蚀电流"": ""随载荷增加而增加"", ""腐蚀损耗"": ""随载荷增加而减少"", ""磨损腐蚀协同作用损耗占比"": ""超过30%的总损耗""}",,"{""环境名称"": ""小牛血清溶液"", ""浓度"": ""25%""}","{""磨损形貌"": ""通过扫描电镜分析"", ""机械磨损损耗"": ""随载荷增加而增加""}",,"{""分析方法"": ""扫描电镜""}",,,,,,
AJ_20251016_be0c9737_EXP001,全髋关节置换术综述,髋关节,,,,,,,,,,,,,,,,,,,,,,,,,,,,
AJ_20251016_be0c9737_EXP001,,膝关节,,,,,,,,,,,,,,,,,,,,,,,,,,,,
AJ_20251016_be0c9737_EXP001,,,10.1126/science.1213902,,,,,,,,,,,,,,,,,,,,,,,,,,,
AJ_20251016_be0c9737_EXP001,HC CoCrMo与Si3N4在牛血清中摩擦腐蚀实验,髋关节,,"{""材料类别"": ""Silicon Nitride (Si3N4)"", ""加工工艺"": null, ""表面处理"": null}",,"{""直径"": ""12 mm""}",,,,,,"{""材料编号"": ""HC CoCrMo"", ""材料类别"": ""High Carbon Cobalt-Chromium-Molybdenum Alloy"", ""加工工艺"": ""Wrought"", ""表面处理"": ""抛光""}",,见Table 1,"{""硬度"": ""460±11 HV500"", ""表面粗糙度"": ""0.01 μm Ra"", ""直径"": ""25 mm""}",,"{""表征方法"": ""XPS"", ""分析结果"": ""吸附薄膜厚度3-4 nm, 可能为单分子层""}","{""测试设备"": ""往复式摩擦腐蚀试验机(符合ASTM G133标准)"", ""对磨材料"": ""硅氮化物球(12 mm直径)"", ""负载"": ""80 N"", ""频率"": ""1 Hz"", ""行程长度"": ""10 mm"", ""润滑液类型"": ""50%牛血清"", ""测试温度"": null, ""测试时间"": null, ""电化学设置"": ""三电极系统(工作电极:试样25mm直径, 对电极:铂丝>1 cm², 参比电极:Ag/AgCl)""}",,"{""击穿电位Eb"": ""在50%血清中远低于0.36% NaCl溶液中的值"", ""腐蚀速率"": ""蛋白质和氨基酸的存在增加了静态条件下的腐蚀速率(见Table 3)"", ""表面薄膜"": ""接触区形成复杂的纳米结构层,包括磨损碎屑、生物膜和反应产物,改变了钝化膜形成特性""}","{""环境名称"": ""50% Bovine calf serum"", ""成分"": ""含有与关节液相当量的蛋白质和氨基酸"", ""对比溶液"": ""0.36% NaCl溶液""}",,,"{""分析方法"": ""XPS, 氩离子刻蚀"", ""成分组成"": ""吸附薄膜厚度3-4 nm, 白蛋白分子尺寸3×3×8 nm, 在该环境中带负电荷, 推测为单分子层"", ""刻蚀速率"": ""碳物质约0.1 nm/s, Cr2O3约0.08 nm/s""}",,,,,,
AJ_20251016_be0c9737_EXP002,HC CoCrMo与Si3N4在NaCl溶液中的摩擦腐蚀实验,髋关节,,"{""材料类别"": ""Silicon Nitride (Si3N4)"", ""加工工艺"": null, ""表面处理"": null}",,"{""直径"": ""12 mm""}",,,,,,"{""材料编号"": ""HC CoCrMo"", ""材料类别"": ""High carbon cobalt-chromium-molybdenum alloy"", ""加工工艺"": ""Wrought"", ""表面处理"": ""抛光""}",,"{""材料名称"": ""HC CoCrMo"", ""说明"": ""详见Table 1""}","{""硬度"": ""460±11 HV500"", ""表面粗糙度"": ""0.01 μm Ra"", ""直径"": ""25 mm""}",,"{""表征方法"": ""XPS"", ""分析结果"": ""吸附薄膜厚度3-4 nm""}","{""测试设备"": ""Reciprocating tribological tester (ASTM G133标准)"", ""对磨材料"": ""Silicon nitride ball (12 mm直径)"", ""负载"": ""80 N"", ""频率"": ""1 Hz"", ""行程长度"": ""10 mm"", ""润滑液类型"": ""0.36% NaCl溶液"", ""电化学设置"": ""三电极体系(工作电极25mm直径试样, 铂丝对电极>1cm², 银/氯化银参比电极)"", ""说明"": ""σmax低于材料屈服应力""}",,"{""说明"": ""静态条件下腐蚀速率通过阳极极化扫描的Tafel外推法计算(详见Table 3)"", ""击穿电位"": ""在0.36% NaCl中的Eb高于50%血清中的Eb(见Fig.3)""}","{""环境名称"": ""0.36% NaCl溶液"", ""成分"": ""NaCl"", ""浓度"": ""0.36%"", ""说明"": ""用于隔离有机物种(如蛋白质、氨基酸等)的影响""}",,,,,,,,,
AJ_20251016_be0c9737_EXP003,LC CoCrMo与Si3N4在牛血清中摩擦腐蚀实验,髋关节,,"{""材料类别"": ""Silicon Nitride (Si3N4)"", ""加工工艺"": null, ""表面处理"": null}",,"{""直径"": ""12 mm""}",,,,,,"{""材料编号"": ""LC CoCrMo"", ""材料类别"": ""低碳钴铬钼合金"", ""加工工艺"": ""锻造"", ""表面处理"": ""抛光""}",,见Table 1,"{""硬度"": ""448±15 HV500"", ""表面粗糙度"": ""0.01 μm Ra"", ""直径"": ""25 mm""}",,"{""表征方法"": ""XPS"", ""分析结果"": ""表面吸附薄膜厚度3-4 nm""}","{""测试设备"": ""往复式摩擦磨损试验机(符合ASTM G133)"", ""摩擦测试条件"": ""往复滑动"", ""负载"": ""80 N"", ""频率"": ""1 Hz"", ""行程长度"": ""10 mm"", ""润滑液类型"": ""50%牛血清"", ""对摩材料"": ""硅球对LC CoCrMo平面"", ""电化学设置"": ""三电极体系(工作电极:试样, 对电极:铂丝(面积>1 cm²), 参比电极:Ag/AgCl)""}",,"{""击穿电位Eb"": ""50%血清中明显低于0.36% NaCl溶液"", ""腐蚀速率"": ""静态条件下蛋白质和氨基酸的存在似乎增加了腐蚀速率(见Table 3)"", ""表面膜特征"": ""静态条件下50%血清中形成3-4 nm吸附膜(可能为单分子层,白蛋白分子尺寸3×3×8 nm)""}","{""环境名称"": ""50%牛血清"", ""成分"": ""含有与关节液相当量的蛋白质和氨基酸(见Table 2)"", ""对比溶液"": ""0.36% NaCl溶液""}",,,,,,,,,
AJ_20251016_be0c9737_EXP004,LC CoCrMo与Si3N4在NaCl溶液中摩擦腐蚀实验,髋关节,,"{""材料类别"": ""Silicon Nitride (Si3N4)"", ""加工工艺"": null, ""表面处理"": null}",,"{""直径"": ""12 mm""}",,,,,,"{""材料编号"": ""LC CoCrMo"", ""材料类别"": ""低碳钴铬钼合金"", ""加工工艺"": ""锻造"", ""表面处理"": ""抛光""}",,"{""材料名称"": ""LC CoCrMo"", ""成分"": ""见Table 1""}","{""硬度"": ""448±15 HV500"", ""表面粗糙度"": ""0.01 μm Ra"", ""直径"": ""25 mm""}",,"{""表征方法"": ""XPS"", ""分析结果"": ""表面吸附薄膜厚度3-4 nm""}","{""测试设备"": ""往复式摩擦腐蚀试验机(符合ASTM G133)"", ""摩擦测试条件"": ""往复滑动"", ""负载"": ""80 N"", ""频率"": ""1 Hz"", ""行程长度"": ""10 mm"", ""润滑液类型"": ""0.36% NaCl溶液"", ""测试温度"": null, ""测试时间"": null, ""备注"": ""三电极电化学池集成,工作电极为试样(25mm直径),对电极为铂丝(面积>1cm²),参比电极为Ag/AgCl电极""}",,"{""实验方法"": ""阳极极化扫描和Tafel外推法"", ""击穿电位Eb"": ""在0.36% NaCl中高于50%血清中的值"", ""腐蚀速率"": ""见Table 3,通过Tafel外推计算得出"", ""备注"": ""静态条件下腐蚀速率数据见Table 3""}","{""环境名称"": ""NaCl溶液"", ""成分"": ""NaCl"", ""浓度"": ""0.36%""}",,,,,,,,,
AJ_20251016_be0c9737_EXP005,316L不锈钢与Si3N4在牛血清中摩擦腐蚀实验,髋关节,,"{""材料编号"": ""Si3N4"", ""材料类别"": ""Silicon Nitride"", ""加工工艺"": null, ""表面处理"": null}",,"{""直径"": ""12 mm""}",,,,,,"{""材料编号"": ""UNS S31603"", ""材料类别"": ""Stainless Steel 316L"", ""分子量"": null, ""结晶度"": null, ""改性填料"": null, ""加工工艺"": null, ""表面处理"": ""抛光""}",,,"{""硬度"": ""290±18 HV500"", ""直径"": ""25 mm"", ""表面粗糙度"": ""0.01 μm Ra""}",,"{""表征方法"": ""XPS"", ""分析结果"": ""薄吸附膜厚度3-4 nm""}","{""测试设备"": ""往复式摩擦腐蚀试验机(符合ASTM G133)"", ""摩擦测试条件"": ""往复滑动"", ""负载"": ""80 N"", ""频率"": ""1 Hz"", ""行程长度"": ""10 mm"", ""润滑液类型"": ""50%牛血清和0.36% NaCl溶液"", ""测试温度"": null, ""测试时间"": null, ""电极配置"": ""三电极系统(工作电极:试样25mm直径,对电极:铂丝>1cm²,参比电极:银/氯化银)""}",,"{""击穿电位"": ""316L在50%血清和0.36% NaCl中Eb值相似"", ""腐蚀速率"": ""50%血清中腐蚀速率高于0.36% NaCl(静态条件)"", ""测试方法"": ""阳极极化扫描和Tafel外推法""}","{""环境1"": {""名称"": ""50%牛血清"", ""成分"": ""蛋白质和氨基酸"", ""浓度"": ""50%""}, ""环境2"": {""名称"": ""NaCl溶液"", ""浓度"": ""0.36%""}}",,,,,,,,,
AJ_20251016_be0c9737_EXP006,316L不锈钢与Si3N4在NaCl溶液中摩擦腐蚀实验,髋关节,,"{""材料编号"": ""Si3N4"", ""材料类别"": ""Silicon Nitride"", ""加工工艺"": null, ""表面处理"": null}",,"{""直径"": ""12 mm""}",,,,,,"{""材料编号"": ""UNS S31603"", ""材料类别"": ""Stainless Steel 316L"", ""分子量"": null, ""结晶度"": null, ""改性填料"": null, ""加工工艺"": null, ""表面处理"": ""抛光""}",,,"{""硬度"": ""290±18 HV500"", ""表面粗糙度"": ""0.01 μm Ra"", ""直径"": ""25 mm""}",,,"{""测试设备"": ""往复式磨损测试仪(符合ASTM G133标准)"", ""摩擦测试条件"": ""往复滑动"", ""负载"": ""80 N"", ""频率"": ""1 Hz"", ""行程长度"": ""10 mm"", ""润滑液类型"": ""0.36% NaCl溶液"", ""测试温度"": null, ""测试时间"": null, ""电化学设置"": ""三电极体系(工作电极为试样,对电极为铂丝(面积>1 cm²),参比电极为Ag/AgCl电极)""}",,"{""击穿电位"": ""在0.36% NaCl溶液中测得"", ""腐蚀速率"": ""通过阳极极化扫描Tafel外推法计算"", ""说明"": ""316L在0.36% NaCl和50%血清中显示相似的击穿电位值,血清中有机成分在静态条件下增加腐蚀速率""}","{""环境名称"": ""NaCl溶液"", ""成分"": ""NaCl"", ""浓度"": ""0.36%""}",,,,,,,,,
AJ_20251016_be0c9737_EXP001,PEEK-Ti6Al4V锥度连接摩擦腐蚀实验,髋关节,,"{""材料类别"": ""PEEK""}",,,,,,,,"{""材料类别"": ""Ti6Al4V""}",,,,,,"{""摩擦测试条件"": ""微动腐蚀实验"", ""负载"": ""10 N, 40 N, 80 N"", ""摩擦幅值"": ""40 μm, 80 μm, 160 μm"", ""润滑液类型"": ""25% FBS, SBF, NS"", ""极化电位"": ""0.2 V"", ""稳定时间"": ""1小时""}","{""开路电位"": ""实验前后测量并比较"", ""腐蚀电流"": ""实时监测记录"", ""离子释放量"": ""使用ICP-MS分析润滑液中金属离子浓度""}",,"{""25% FBS"": ""蛋白质、肽类"", ""SBF"": ""NaCl, KCl, MgCl, CaCl"", ""NS"": ""NaCl""}",,,"{""分析方法"": ""扫描电镜SEM (S3000N, Hitachi)"", ""用途"": ""拍摄微动磨损形貌""}","{""测试设备"": ""微动腐蚀试验机"", ""负载"": ""10 N, 40 N, 80 N"", ""微动幅值"": ""40 μm, 80 μm, 160 μm"", ""极化电位"": ""0.2 V"", ""稳定时间"": ""1小时"", ""接触稳定时间"": ""实验前后各1小时""}","{""25% FBS"": ""蛋白质、肽类"", ""SBF"": ""NaCl, KCl, MgCl, CaCl"", ""NS"": ""NaCl""}","{""开路电位变化"": ""实验前后对比测量"", ""腐蚀电流"": ""实时监测记录"", ""金属离子浓度"": ""ICP-MS (Optima 80000, PerkinElmer)分析"", ""磨损形貌"": ""SEM观察上下样品微动磨损形貌""}",,,
AJ_20251016_be0c9737_EXP002,CoCrMo-Ti6Al4V锥度连接摩擦腐蚀实验,髋关节,,"{""材料类别"": ""CoCrMo""}",,,,,,,,"{""材料类别"": ""Ti6Al4V""}",,,,,,"{""测试设备"": ""S3000N扫描电镜(Hitachi)"", ""摩擦测试条件"": ""微动腐蚀实验"", ""负载"": ""10 N, 40 N, 80 N"", ""微动幅值"": ""40 μm, 80 μm, 160 μm"", ""润滑液类型"": ""25% FBS"", ""极化电位"": ""0.2 V"", ""稳定时间"": ""1小时""}","{""测试方法"": ""电化学腐蚀监测"", ""开路电位"": ""实验前后测量并比较"", ""极化电位"": ""0.2 V维持1小时"", ""腐蚀电流"": ""实时监测和记录"", ""离子释放量检测"": ""ICP-MS(Optima 80000, PerkinElmer)分析润滑液中金属离子浓度""}","{""测试方法"": ""电化学腐蚀监测"", ""开路电位"": ""实验前后测量并比较"", ""极化电位"": ""0.2 V维持1小时""}","{""润滑液1"": {""名称"": ""25% FBS"", ""成分"": ""蛋白质、肽类""}, ""润滑液2"": {""名称"": ""SBF"", ""成分"": ""NaCl, KCl, MgCl, CaCl""}, ""润滑液3"": {""名称"": ""NS"", ""成分"": ""NaCl""}}",,,"{""分析方法"": ""扫描电镜(S3000N, Hitachi)观察微动磨损形貌""}","{""实验类型"": ""锥度连接微动腐蚀"", ""材料配对"": ""CoCrMo-Ti6Al4V"", ""负载"": ""10 N, 40 N, 80 N"", ""微动幅值"": ""40 μm, 80 μm, 160 μm"", ""应力范围"": ""0-275 MPa"", ""微动幅值范围"": ""0-38 μm"", ""安全阈值"": ""160"", ""极化电位"": ""0.2 V"", ""稳定时间"": ""1小时"", ""重复次数"": ""3次""}","{""润滑液1"": {""名称"": ""25% FBS"", ""成分"": ""蛋白质、肽类""}, ""润滑液2"": {""名称"": ""SBF"", ""成分"": ""NaCl, KCl, MgCl, CaCl""}, ""润滑液3"": {""名称"": ""NS"", ""成分"": ""NaCl""}}","{""测试方法"": ""扫描电镜(S3000N, Hitachi)观察微动磨损形貌, ICP-MS(Optima 80000, PerkinElmer)分析金属离子浓度"", ""开路电位"": ""实验前后测量并比较变化"", ""腐蚀电流"": ""实时监测和记录"", ""离子释放"": ""检测Cr、Ti、Co离子浓度""}",,,
AJ_20251016_be0c9737_EXP001,PEEK-陶瓷人工关节研究综述,髋关节,,"{""材料编号"": ""unknown"", ""材料类别"": ""陶瓷"", ""加工工艺"": null, ""表面处理"": null}",,,,,,,,"{""材料编号"": ""unknown"", ""材料类别"": ""PEEK"", ""分子量"": null, ""结晶度"": null, ""改性填料"": ""碳纤维"", ""加工工艺"": null, ""表面处理"": null}","{""填料种类"": ""碳纤维"", ""添加量"": null}","{""材料名称"": ""碳纤维增强PEEK (CFR-PEEK)"", ""成分"": ""PEEK基体+碳纤维"", ""组成百分比"": null}",,,,,,,,,,,,,,,,
AJ_20251016_be0c9737_EXP001,ZrO2/HAP复合材料-人工关节,髋关节,,"{""材料编号"": ""unknown"", ""材料类别"": ""ZrO2/HAP复合材料"", ""加工工艺"": ""光固化3D打印"", ""表面处理"": null}","{""主要成分"": ""纳米氧化锆(Nano ZrO2)填充微米级羟基磷灰石(HAP)"", ""描述"": ""不同质量分数比的ZrO2/HAP复合材料""}",,"{""表征方法"": ""扫描电镜(SEM)"", ""描述"": ""给出了ZrO2/HAP复合材料的表面形貌特征""}",,,,,"{""材料编号"": ""unknown"", ""材料类别"": null, ""分子量"": null, ""结晶度"": null, ""改性填料"": null, ""加工工艺"": null, ""表面处理"": null}",,,,"{""描述"": ""通过拉伸压缩实验分析了不同质量分数比ZrO2/HAP复合材料的强度和刚度"", ""测试项目"": ""拉伸强度、压缩强度、刚度""}","{""表征方法"": ""扫描电镜(SEM)"", ""分析内容"": ""ZrO2/HAP复合材料表面形貌特征""}",,,,,,,,,,,,,
AJ_20251016_be0c9737_EXP001,PEEK-OPTIMA细胞毒性测试,,,,,,,,,,,"{""材料类别"": ""PEEK-OPTIMA""}",,,,,,,,,,,,,,,,,,
AJ_20251016_be0c9737_EXP002,PE材料细胞毒性对比测试,,,,,,,,,,,"{""材料类别"": ""PE""}",,,,,,,,,,,,,,,,,,
AJ_20251016_be0c9737_EXP001,PEEK-UHMWPE销盘磨损实验,,,"{""材料类别"": ""PEEK"", ""材料编号"": null, ""加工工艺"": null, ""表面处理"": null}",,,,,,,,"{""材料类别"": ""UHMWPE"", ""材料编号"": null, ""分子量"": null, ""结晶度"": null, ""改性填料"": null, ""加工工艺"": null, ""表面处理"": null}",,,,,,"{""测试类型"": ""销盘磨损实验"", ""接触应力"": ""3.18 MPa"", ""摩擦测试条件"": ""不同接触应力和交叉剪切比"", ""测试设备"": null, ""负载"": null, ""滑动距离"": null, ""润滑液类型"": null, ""测试温度"": null, ""测试时间"": null}",,,,,"{""说明"": ""UHMWPE/PEEK配对中UHMWPE销的磨损系数远大于UHMWPE/CFR-PEEK配对，约为后者的5倍"", ""最小磨损条件"": ""接触应力3.18 MPa时磨损体积和磨损系数最小"", ""交叉剪切比影响"": ""磨损体积和磨损系数随交叉剪切比变化不规则""}",,,,,,,
AJ_20251016_be0c9737_EXP002,CFR-PEEK/UHMWPE销盘磨损实验,,,"{""材料类别"": ""CFR-PEEK"", ""材料编号"": null, ""加工工艺"": null, ""表面处理"": null}",,,,,,,,"{""材料类别"": ""UHMWPE"", ""材料编号"": null, ""分子量"": null, ""结晶度"": null, ""改性填料"": null, ""加工工艺"": null, ""表面处理"": null}",,,,,,"{""实验类型"": ""销盘磨损实验"", ""测试设备"": null, ""测试条件"": ""不同接触应力和交叉剪切比"", ""负载"": ""3.18 MPa"", ""滑动距离"": null, ""润滑液类型"": null, ""测试温度"": null, ""测试时间"": null}",,,,,"{""磨损体积"": ""在接触应力3.18 MPa时最小"", ""磨损系数"": ""随交叉剪切比增加而增加"", ""磨损特性"": ""UHMWPE/CFR-PEEK配对的销磨损系数约为UHMWPE/PEEK配对的1/5""}",,,,,,,
AJ_20251016_be0c9737_EXP001,金属材料表面非晶碳基纳米多层膜耐磨性研究,,,"{""材料类别"": ""金属材料"", ""表面处理"": ""非晶碳基纳米多层膜沉积""}",,,,,,,,,,,,,,"{""测试设备"": ""多向运动植入材料磨损机""}",,,,,,,,,,,,
AJ_20251016_be0c9737_EXP001,膝关节假体参数化设计研究,膝关节,,,,,,,,,,,,,,,,,,,,,,,,,,,,
AJ_20251016_be0c9737_EXP001,,,,,,,,,,,,,,,,,,,,,,,,,,,,,,
AJ_20251016_be0c9737_EXP001,金属盘-UHMWPE销磨损实验,膝关节,,"{""材料类别"": ""金属盘"", ""加工工艺"": null, ""表面处理"": null}",,,,,,,,"{""材料类别"": ""UHMWPE"", ""分子量"": null, ""结晶度"": null, ""改性填料"": null, ""加工工艺"": null, ""表面处理"": null}",,,,,,"{""测试设备"": ""销-金属盘模型"", ""摩擦测试条件"": ""多方向相对运动"", ""负载"": null, ""滑动距离"": null, ""润滑液类型"": null, ""测试温度"": null, ""测试时间"": null}",,,,,,,,,,,,
AJ_20251016_be0c9737_EXP001,Metal-Polymer髋关节摩擦腐蚀实验,髋关节,,"{""材料类别"": ""Metal (CoCrMo推测)""}",,,,,,,,"{""材料类别"": ""Polymer (UHMWPE推测)""}",,,,,,"{""测试条件"": ""long-term gait"", ""润滑液类型"": ""serum""}","{""腐蚀源"": ""taper/trunnion interface"", ""腐蚀机制"": ""wear and corrosion interaction"", ""保护层"": ""adsorbed protein layer""}",,"{""环境名称"": ""serum solution"", ""成分"": ""protein""}",,,"{""分析位置"": ""taper/trunnion interface worn area"", ""成分组成"": ""tribolayer mainly composed of graphitized carbon""}","{""测试条件"": ""walking gait"", ""润滑液类型"": ""serum solution""}","{""环境名称"": ""serum solution"", ""成分"": ""protein""}","{""主要腐蚀源"": ""taper/trunnion interface"", ""腐蚀机制"": ""cyclic change due to formation and disruption of adsorbed protein layer"", ""磨损区域特征"": ""tribolayer composed of graphitized carbon"", ""保护机制"": ""tribolayer and adsorbed protein layer inhibit corrosion by isolating metal surface from serum solution""}",,,
AJ_20251016_be0c9737_EXP001,PEEK/ZnO-XLPE摩擦磨损实验,膝关节,,"{""材料编号"": ""EXP001"", ""材料类别"": ""PEEK/ZnO复合材料"", ""加工工艺"": ""原位合成结合水热法"", ""表面处理"": null}","{""基材"": ""聚醚醚酮(PEEK)"", ""填料"": ""纳米ZnO"", ""ZnO最佳含量"": ""7.5%""}","{""压缩强度提升"": ""66%""}",纳米ZnO均匀分散在PEEK基体中,,,,,"{""材料类别"": ""XLPE"", ""材料全称"": ""高交联聚乙烯(Highly cross-linked polyethylene)"", ""加工工艺"": null, ""表面处理"": null}",,"{""材料名称"": ""XLPE"", ""材料类型"": ""高交联聚乙烯""}",,"{""PEEK/ZnO复合材料压缩强度提升"": ""66%"", ""抗菌性能"": ""对大肠杆菌和金黄色葡萄球菌具有良好抗菌活性，抗菌活性随纳米ZnO含量增加而增强"", ""最佳ZnO含量"": ""7.5%""}","{""表征方法"": ""SEM"", ""分析结果"": ""纳米ZnO均匀分散在PEEK基体中""}","{""实验类型"": ""滑动摩擦实验"", ""运动模式"": ""膝关节分解运动-滑动、摆动、扭转运动""}",,,,,,,,,,,,
AJ_20251016_be0c9737_EXP001,CF/PEEK往复摩擦实验,膝关节,,,,,,,,,,"{""材料类别"": ""CF/PEEK复合材料"", ""加工工艺"": ""真空热压炉压缩成型""}","{""填料种类"": ""碳纤维"", ""变量"": ""添加量、长度、表面氧化处理""}","{""基体材料"": ""聚醚醚酮(PEEK)"", ""增强相"": ""碳纤维(CF)""}","{""洛氏硬度"": ""已测试"", ""压缩性能"": ""已测试"", ""润湿性能"": ""已测试""}",,"{""表征方法"": ""红外吸收光谱"", ""分析内容"": ""分子结构和结晶状态""}","{""测试设备"": [""往复摩擦试验机"", ""人工膝关节摩擦试验机""], ""实验变量"": [""碳纤维添加量"", ""碳纤维长度"", ""碳纤维表面氧化处理"", ""润滑剂""], ""测量参数"": [""摩擦系数"", ""磨损率""]}",,,"{""润滑条件"": ""有润滑剂和无润滑剂对比""}",,"{""评估指标"": [""摩擦系数"", ""磨损率""], ""磨损机理研究"": ""根据磨损表面形貌分析""}",,,,,,,
AJ_20251016_be0c9737_EXP002,膝关节CF/PEEK复合材料摩擦实验,膝关节,,,,,,,,,,"{""材料类别"": ""CF/PEEK复合材料"", ""改性填料"": ""碳纤维"", ""加工工艺"": ""真空热压炉压缩成型""}","{""填料种类"": ""碳纤维"", ""添加量变量"": ""不同添加体积"", ""碳纤维长度"": ""不同长度"", ""表面处理"": ""表面氧化处理""}","{""基体材料"": ""聚醚醚酮(PEEK)"", ""增强材料"": ""碳纤维(Carbon Fiber)""}","{""洛氏硬度"": ""已测试"", ""压缩性能"": ""已测试"", ""润湿性能"": ""已测试""}","{""结晶度"": ""已测试""}","{""表征方法"": ""红外吸收光谱"", ""分析内容"": ""分子结构和结晶条件""}","{""测试设备"": ""往复摩擦试验机和人工膝关节摩擦试验机"", ""测试变量"": ""碳纤维添加体积、长度、表面氧化处理、润滑剂""}",,,"{""润滑条件"": ""有润滑剂和无润滑剂对比""}",,"{""评价指标"": ""摩擦系数、磨损率"", ""磨损机制分析"": ""根据磨损表面形貌研究"", ""最佳改性参数"": ""待测试确定""}",,,,,,,
AJ_20251016_be0c9737_EXP001,,,,,,,,,,,,,,,,,,,,,,,,,,,,,,
AJ_20251103_4026ca86,金属假体材料-扭动微动摩擦腐蚀机理研究,髋关节,,"{""材料类别"": ""金属假体材料"", ""对偶件"": ""Al2O3陶瓷球""}",,,,,,,,,,,,,,"{""运动形式"": ""固定角度扭转微动""}","{""表面膜层"": ""表面形成两层薄膜：外层吸附膜（扩散控制电极反应形成）和内层氧化膜（电化学反应控制形成）"", ""磨损加速腐蚀机理"": ""金属基体磨损产生较多金属离子（以Fe2+为代表）释放到润滑介质，提高牛血清溶液电解质浓度，加速电化学反应进程"", ""腐蚀加速磨损机理"": ""金属在牛血清溶液中发生腐蚀后，降低金属表面耐磨性，使表面更易被磨损"", ""接触面积影响"": ""磨痕外围磨屑堆积，金属基体与牛血清溶液接触面积增大，造成更多腐蚀体积损失""}",,"{""类型"": ""牛血清润滑介质""}","{""磨痕形状"": ""近似椭球形"", ""磨损机制"": ""磨痕边缘区域为三体磨粒磨损，造成更多磨损体积损失"", ""磨屑特征"": ""金属材料疲劳剥落形成大小不一的磨屑，磨屑在磨痕边缘区域堆积"", ""体积损失组成"": ""总体积损失=单纯磨损体积损失+单纯腐蚀体积损失+磨损与腐蚀交互作用体积损失""}",,"{""膜层破坏"": ""Al2O3陶瓷球扭转微动破坏金属表面吸附膜和氧化膜""}",,,,b3_5_人工关节金属假体材料界面间的摩擦腐蚀行为_张鑫,,2025-11-03 03:21:30
AJ_20251103_bcc5c08f,微织构CoCrMo-HXPE多向磨损实验,髋关节,DePuy Synthes Joint Reconstruction联合University of Utah研究,"{""材料类别"": ""CoCrMo合金"", ""表面处理"": ""抛光+激光表面织构化"", ""织构类型"": ""浅球形微织构特征阵列"", ""材料编号"": ""ASTM F1537"", ""直径"": ""38.1 mm"", ""厚度"": ""12.5 mm"", ""织构加工方法"": ""飞秒激光烧蚀工艺"", ""表面粗糙度"": ""Ra<50 nm""}",,"{""弹性模量"": ""230 GPa"", ""泊松比"": ""0.3""}","{""织构深度"": ""0.50-2.00 μm"", ""织构直径"": ""100 μm"", ""织构间距"": ""198-396 μm"", ""深径比"": ""0.005-0.020"", ""织构密度"": ""0.05-0.20"", ""织构形状"": ""浅球形""}",,,,,"{""材料类别"": ""HXPE"", ""材料全称"": ""高交联聚乙烯"", ""材料等级"": ""GUR 1020"", ""制备工艺"": ""挤出、退火、伽马射线辐照 (5.0 MRad)"", ""直径"": ""9.5 mm"", ""长度"": ""18 mm"", ""表面加工"": ""飞刀切削平面""}",,,"{""弹性模量"": ""1 GPa"", ""泊松比"": ""0.4""}",,"{""表面粗糙度"": ""Ra<1.5 μm"", ""测试方法"": ""白光干涉仪""}","{""测试设备"": ""AMTI OrthoPOD Pin-on-disc tribometer"", ""载荷"": ""0.50 MPa"", ""滑动速度"": ""0.10 m/s"", ""运动形式"": ""多向剪切"", ""峰值接触压力"": ""4.65 MPa"", ""运动轨迹"": ""10×20 mm方形"", ""频率"": ""1.6 Hz"", ""加载方式"": ""Paul加载循环"", ""温度"": ""37°C"", ""循环次数"": ""1.98 million cycles"", ""测量间隔"": ""0.33 million cycles"", ""清洁频率"": ""每0.33 million cycles清洁一次"", ""测量方法"": ""重量法 (ISO 14242-2)""}","{""腐蚀性能"": ""激光织构化不会对CoCrMo的腐蚀电位产生负面影响"", ""测试方法"": ""电化学阻抗谱 (EIS) 和循环动电位极化 (CPP, ASTM G61)"", ""电解液"": ""磷酸盐缓冲盐水 (NERL Blood Bank Saline)"", ""测试区域"": ""1 cm²"", ""参比电极"": ""Ag/AgCl饱和KCl"", ""对电极"": ""铂网"", ""测试设备"": ""Bio-logic SP-200电位仪"", ""开路电位测量"": ""OCP稳定标准为变化<10 mV/h"", ""极化电阻"": ""通过EIS测定, 从高频 (10⁶ Hz) 和低频 (10⁻¹ Hz) 阻抗差值获得"", ""激励电压"": ""5-10 mV AC"", ""OCP稳定时间"": ""3 h"", ""腐蚀电位范围"": ""-165 to -79 mV"", ""腐蚀电流范围"": ""0.06-0.2 nA"", ""腐蚀速率范围"": ""0.48-1.7 μg/y"", ""对照组腐蚀电位"": ""-136±9.7 mV"", ""对照组腐蚀电流"": ""1.49±0.6 nA"", ""对照组腐蚀速率"": ""11.6±4.6 μg/y"", ""对照组极化电阻"": ""2.00±0.19 MΩ·cm²"", ""钝化特征"": ""电流密度<10 μA，宽电位范围内保持钝化"", ""局部腐蚀"": ""返回扫描无滞后现象，不易发生局部腐蚀"", ""氧化层特征"": ""单一时间常数，氧化层完整无孔"", ""织构影响"": ""激光织构表面腐蚀性能与非织构表面相当，未增加腐蚀敏感性""}",,"{""动力粘度"": ""1.0 Pa·s"", ""类型"": ""牛血清+水"", ""成分"": ""牛血清稀释至蛋白浓度64.8 mg/mL"", ""蛋白浓度"": ""64.8 mg/mL"", ""添加剂"": ""0.2% 叠氮化钠 (抑制细菌生长) + 20 mM EDTA (稳定磷酸钙)"", ""温度"": ""37°C"", ""稀释剂"": ""反渗透水""}",,"{""磨损率降低"": ""超过50%（微织构表面相比抛光表面）"", ""测量方法"": ""重量法 (ISO 14242-2)"", ""测量设备"": ""XP205天平 (Mettler Toledo)"", ""磨损率计算方法"": ""最小二乘线性回归 (排除0循环点)"", ""样品数量"": ""9个测试销+3个浸泡补偿样品"", ""磨损趋势"": ""磨损随循环次数增加而增加"", ""织构效果"": ""所有微织构设计相比无织构盘减少聚乙烯磨损超过50%"", ""不同织构间差异"": ""不同微织构设计之间的聚乙烯磨损无显著差异"", ""表面粗糙度变化"": ""与微织构盘配对的聚乙烯销表面粗糙度增加小于与无织构盘配对"", ""磨损机制"": ""微流体动力轴承增加润滑膜厚度，减少接触和磨损"", ""磨损降低"": ""织构表面比抛光表面降低50%以上""}",,,,,b2_2_表面纹理对钴铬钼聚乙烯磨损的影响,,
AJ_20251103_b816502d,Miller-Galante固定平台-UHMWPE髋关节磨损分析,膝关节,Wear-pattern analysis in retrieved tibial inserts-Y.-C. Lu等-1997-2007,"{""材料类别"": ""钴铬合金""}",,,,,,,,"{""材料类别"": ""UHMWPE"", ""设计类型"": ""固定平台型"", ""产品型号"": ""Miller-Galante (Zimmer)"", ""灭菌方式"": ""空气中伽马射线辐照"", ""制备工艺"": ""直接压缩成型"", ""插入件厚度"": ""平均10.2 mm (8.5-13.5 mm)"", ""插入件宽度"": ""58-77 mm"", ""标准尺寸宽度"": ""65-67 mm""}",,,,,,"{""研究类型"": ""回收植入物磨损分析"", ""样本数量"": ""36个膝关节"", ""植入时长"": ""平均109个月 (50.0-156.0个月)"", ""患者体重"": ""平均73.5 kg (64.0-84.0 kg)"", ""患者年龄"": ""手术时平均58.9岁 (40.0-74.0岁)，翻修时平均67岁 (45.0-81.0岁)""}",,,,,"{""低级磨损-抛光"": ""0.7±2.4 (0.0-12.0)"", ""低级磨损-磨蚀"": ""3.9±4.5 (0.0-13.0)"", ""低级磨损-冷流"": ""0.1±0.4 (0.0-2.0)"", ""高级磨损-划痕"": ""3.8±4.0 (0.0-11.0)"", ""高级磨损-点蚀/金属嵌入"": ""9.5±2.9 (3.0-15.0)"", ""高级磨损-分层"": ""8.1±5.0 (0.0-16.0)"", ""上表面总磨损评分"": ""120.5"", ""下表面磨损特征"": ""低级磨损如磨蚀伴轻微点蚀更常见，聚乙烯凸入螺钉孔和基板产品标记压印"", ""上表面磨损模式"": ""高级磨损-分层、点蚀、刮擦为主"", ""下表面磨损模式"": ""轻微磨损，与金属表面纹理相关"", ""下表面抛光评分"": ""0.0"", ""下表面磨损评分"": ""5.0±2.8 (0.0-12.0)"", ""下表面冷流评分"": ""0.0"", ""下表面点蚀/金属嵌入评分"": ""0.5±1.0 (0.0-3.0)"", ""下表面分层评分"": ""0.1±0.4 (0.0-2.0)"", ""上下表面磨损相关性"": ""R²=0.001, p>0.05 (无显著相关)"", ""磨损与植入时长相关性"": ""上表面R²=0.17, p=0.02 (显著相关); 下表面R²=0.02, p=0.4 (无显著相关)"", ""磨损与体重相关性"": ""上表面R²=0.01, p=0.71; 下表面R²=0.00, p=0.9 (无显著相关)"", ""磨损与厚度相关性"": ""上表面R²=0.01, p=0.75; 下表面R²=0.06, p=0.65 (无显著相关)"", ""磨损特征"": ""产生较大的碎片颗粒或大体积材料损失"", ""临床表现"": ""骨溶解发生率低于旋转平台，但严重磨损可导致变形、不稳定和失败"", ""表面特征"": ""聚乙烯突入螺钉孔，基板标记的压痕可见，下表面可见嵌入碎屑""}",,,,,b2_3_取出固定和活动PE膝关节假体的磨损,,2025-11-03 06:31:42
AJ_20251103_99deba1e,锻造CoCrMo合金-氧化锆陶瓷球摩擦腐蚀实验-60N,髋关节,中国矿业大学-王庆良等-2015年,"{""材料类别"": ""氧化锆陶瓷"", ""直径"": ""4 mm""}",,,,"{""材料类别"": ""锻造CoCrMo合金"", ""材料标准"": ""ISO5832-12"", ""试样尺寸"": ""20 mm×20 mm×5 mm"", ""表面处理"": ""180#、400#、800#和1200#水砂纸打磨后抛光"", ""表面粗糙度"": ""Sa=11.0±4.0 nm""}","{""Co"": ""Bal."", ""Cr"": ""28.20 wt%"", ""Mo"": ""5.98 wt%"", ""Ni"": ""0.41 wt%"", ""Fe"": ""0.70 wt%"", ""Mn"": ""0.64 wt%"", ""C"": ""0.23 wt%""}","{""抗拉强度"": ""840 MPa"", ""屈服强度"": ""590 MPa"", ""延伸率"": ""17.5%"", ""硬度"": ""340 HV""}",,,,,,,,"{""测试设备"": ""UMT-2多功能摩擦磨损试验机"", ""载荷"": ""60 N"", ""运动形式"": ""球盘往复摩擦"", ""滑动速度"": ""10 mm/s"", ""往复运动距离"": ""10 mm"", ""往复频率"": ""1 Hz"", ""滑动时间"": ""9000 s"", ""往复滑动周期"": ""9000次"", ""温度"": ""37±1°C"", ""电位"": ""0.5 V""}","{""腐蚀电位"": ""-820 mV"", ""钝化区间"": ""0.5~0.75 V区间出现二次钝化"", ""摩擦腐蚀电流密度"": ""12.4×10⁻⁵ mA/cm²"", ""钝化特征"": ""二次钝化特征""}",,"{""类型"": ""小牛血清溶液"", ""浓度"": ""25%""}","{""总损失量"": ""380±25 μg"", ""机械磨损损失量"": ""220±18.3 μg"", ""腐蚀损失量"": ""18.8±7.6 μg"", ""协同作用损失量"": ""141.2 μg"", ""协同作用占比"": ""37.2%"", ""腐蚀与磨损比值"": ""0.09"", ""磨损表面形貌"": ""典型的犁沟磨损""}","{""纯摩擦系数"": ""0.146"", ""摩擦腐蚀摩擦系数"": ""0.154""}","{""钝化膜组成"": ""主要为Cr₂O₃，其次为CoO和MoO₃""}",,,,b1_3_CoCrMo摩擦腐蚀行为,,2025-11-03 06:31:42
AJ_20251103_a8227fd9,CoCrMo-Ti6Al4V头颈界面微动腐蚀实验-开路电位,髋关节,,"{""材料类别"": ""CoCrMo合金""}",,,,"{""材料类别"": ""Ti6Al4V合金""}",,,,,,,,,,,,,,,,,"{""载荷"": [""5N"", ""10N"", ""15N""], ""测试条件"": ""开路电位""}",,"{""微动运行区域"": ""随载荷增加始终处于滑移区"", ""Ft-D-N曲线特征"": ""随着载荷增加曲线始终处于平行四边形"", ""摩擦系数变化规律"": ""随载荷增加而降低"", ""摩擦系数特点"": ""三个阶段：迅速增加、回落、稳定，摩擦系数最低"", ""摩擦系数原因"": ""钼元素产生细晶强化作用，表面氧化膜更稳定，耐磨性更强"", ""微动区域"": ""随载荷增加始终处于滑移区"", ""磨损机制"": ""典型的磨粒磨损，随载荷增加磨损区域面积扩大"", ""磨痕宽度-10N"": ""219.0 μm"", ""氧元素含量"": ""50.62 wt%"", ""材料转移元素"": ""Co 3.53 wt%, Cr 16.95 wt%, Mo 3.18 wt%"", ""材料转移特征"": ""对摩副材料脱落形成材料转移膜"", ""开路电位变化"": ""微动过程中呈负移趋势，随载荷增加负移趋势增大"", ""电位下降"": ""电位下降最大，第一循环耗散能最大"", ""钝化膜机制"": ""滑移区钝化膜主要是破坏机制主导"", ""自腐蚀电位-10N"": ""-0.495 V"", ""自腐蚀电流密度-10N"": ""4.933E-8 A/cm²"", ""阻抗特征"": ""阻抗值居中"", ""摩擦系数特征"": ""摩擦系数最低"", ""微动运行机制"": ""随着载荷增加始终处于滑移区"", ""微动腐蚀机制"": ""滑移区主要是钝化膜的破坏机制主导"", ""微动结束后阻抗参数"": ""Rs=46.78 Ω·cm², CPEin=2.792E-5 F·cm², n=0.9, Rin=1.605E5 Ω·cm²""}",b1_1_人工髋关节头颈典型材料界面间球盘微动腐蚀试验研究_吴东升,,2025-11-03 06:31:42
AJ_20251103_7787e986,锻造CoCrMo合金-ZrO2陶瓷球摩擦腐蚀实验-60N,髋关节,中国矿业大学-王庆良等-2015年,"{""材料类别"": ""ZrO2陶瓷球"", ""直径"": ""4 mm""}",,,,"{""材料类别"": ""锻造CoCrMo合金"", ""标准"": ""ISO5832-12"", ""样品尺寸"": ""20 mm×20 mm×5 mm"", ""表面处理"": ""180#-400#-800#-1200#水砂纸打磨后抛光"", ""表面粗糙度"": ""Sa=11.0±4.0 nm""}","{""Co"": ""Bal."", ""Cr"": ""28.20 wt%"", ""Mo"": ""5.98 wt%"", ""Ni"": ""0.41 wt%"", ""Fe"": ""0.70 wt%"", ""Mn"": ""0.64 wt%"", ""C"": ""0.23 wt%""}","{""抗拉强度"": ""840 MPa"", ""屈服强度"": ""590 MPa"", ""延伸率"": ""17.5%"", ""硬度"": ""340 HV""}",,,,,,,,"{""测试设备"": ""UMT-2多功能摩擦磨损试验机"", ""载荷"": ""60 N"", ""滑动速度"": ""10 mm/s"", ""往复运动距离"": ""10 mm"", ""往复频率"": ""1 Hz"", ""滑动时间"": ""9000 s"", ""循环次数"": ""9000次"", ""温度"": ""37±1°C"", ""运动形式"": ""球盘往复摩擦"", ""对摩材料"": ""ZrO2陶瓷球(直径4 mm)""}","{""腐蚀电位"": ""-820 mV"", ""钝化区间"": ""0.5-0.75 V"", ""测试电位"": ""0.5 V"", ""腐蚀电流密度"": ""12.4×10⁻⁵ mA/cm²"", ""钝化特征"": ""二次钝化现象"", ""工作面积"": ""4 cm²"", ""腐蚀行为"": ""随载荷增加，机械磨损损失占比增大，腐蚀损失占比降低，协同作用损失占比随载荷增加而增大""}",,"{""类型"": ""小牛血清溶液"", ""浓度"": ""25%"", ""温度"": ""37±1°C""}","{""总损失量"": ""380±25 μg"", ""机械磨损损失量"": ""220±18.3 μg"", ""化学腐蚀损失量"": ""18.8±7.6 μg"", ""协同作用损失量"": ""141.2 μg"", ""协同作用占比"": ""37.2%"", ""磨损形貌"": ""典型犁沟磨损""}","{""摩擦系数-纯摩擦"": ""0.146"", ""摩擦系数-摩擦腐蚀"": ""0.154""}","{""钝化膜组成"": ""主要为Cr₂O₃，其次为CoO和MoO₃"", ""分析方法"": ""XPS""}",,,,CoCrMo摩擦腐蚀行为,,2025-11-03 06:31:42
AJ_20251103_dd5381ab,CoCrMo-CoCrMo微动腐蚀实验,,"Syracuse University-Viswanathan Swaminathan, Jeremy L. Gilbert-2012年","{""材料类别"": ""CoCrMo合金"", ""材料标准"": ""ASTM-F1537"", ""表面处理"": ""抛光至600目"", ""形状"": ""圆锥形平底销"", ""直径"": ""0.35-0.8 mm""}",,"{""硬度特征"": ""较高硬度""}",,"{""材料类别"": ""CoCrMo合金""}",,,,,,,,,,,,,,,,,"{""实验类型"": ""微动腐蚀"", ""材料配副"": ""CoCrMo/CoCrMo"", ""电位控制"": ""恒电位0 V vs. Ag/AgCl"", ""载荷范围"": ""0.5-50 N"", ""位移幅值"": ""50 μm"", ""频率"": ""1.25 Hz"", ""循环次数"": ""200 cycles"", ""样品形状"": ""销-盘配副"", ""销直径"": ""0.35-0.8 mm"", ""表面粗糙度"": ""600 grit"", ""暴露区域直径"": ""2.3 mm"", ""预平衡时间"": ""15 min"", ""接触应力范围"": ""0-1000 MPa"", ""系统刚度"": ""0.9-1.4 N/μm""}","{""类型"": ""PBS"", ""成分"": ""磷酸盐缓冲液"", ""pH"": ""7.4"", ""温度"": ""室温""}","{""微动腐蚀电流"": ""1.2 mA/cm²"", ""摩擦系数"": ""0.3"", ""微动电流响应"": ""电流随载荷增加而增加，至20 N达到峰值后开始下降"", ""粘滑行为"": ""随载荷增加粘着摩擦增加，导致微动运动和腐蚀电流降低"", ""基线电流密度"": ""随载荷增加略有增加"", ""恢复时间"": ""随载荷增加略有增加"", ""摩擦系数范围"": ""0.8(初始)降至0.3(稳定)"", ""腐蚀电流密度峰值"": ""最高1.2 mA/cm²(350 MPa)"", ""腐蚀电流密度平台区"": ""80-100 MPa至650 MPa,平台区最宽"", ""统计显著性"": ""电流密度显著高于CoCrMo/Ti6Al4V配副(p<0.01)"", ""微动行为"": ""低载荷时全滑移,高载荷时粘滑过渡至全粘着"", ""机械能耗"": ""单位机械能(1 μJ)产生约3 μA/cm²电流"", ""微动电流密度"": ""0.5-1 mA/cm²"", ""表面损伤特征"": ""较少塑性变形，微动痕迹清晰可见"", ""氧化膜特性"": ""较强且韧性好"", ""硬度影响"": ""较高硬度导致微动电流密度降低"", ""腐蚀电流密度"": ""较低的微动电流密度"", ""咬合倾向"": ""较小的咬合倾向"", ""损伤程度"": ""在混合金属或相似合金组合中受到相同程度的损伤"", ""全滑移区域特征"": ""界面机械能耗散与测量的电化学电流之间存在强线性相关"", ""接触力学"": ""遵循典型的赫兹行为""}",CoCrMo与钛合金界面微动腐蚀,,2025-11-03 06:31:42
AJ_20251103_713b7b6e,CoCrMo-PEEK膝关节摩擦腐蚀实验,膝关节,中国矿业大学硕士学位论文-2018年,"{""材料类别"": ""CoCrMo合金"", ""材料标准"": ""ISO 5832-12"", ""形状"": ""半圆柱状"", ""厚度"": ""15 mm"", ""弧面半径"": ""14 mm"", ""表面粗糙度"": ""Ra≤0.05 μm""}","{""材料"": ""CoCrMo合金"", ""化学成分"": ""参见表2-1""}","{""力学性能"": ""参见表2-1""}",,,,,,"{""材料类别"": ""PEEK"", ""材料全称"": ""聚醚醚酮"", ""材料标准"": ""ASTM F2026-2012"", ""熔点"": ""334°C"", ""玻璃转化温度"": ""143°C"", ""密度-非晶型"": ""1.265 g/cm³"", ""密度-结晶型"": ""1.320 g/cm³"", ""表面粗糙度"": ""Ra≤0.2 μm"", ""试样尺寸"": ""直径25 mm，厚度6 mm"", ""特性"": ""耐磨、耐疲劳、耐高温、自润滑、良好生物相容性""}",,,"{""力学性能"": ""参见表2-2""}",,,"{""运动形式"": ""扭动和摆动"", ""扭动实验条件"": ""参见表2-5"", ""摆动实验条件"": ""参见表2-6"", ""测试设备"": ""CHI614E型电化学工作站""}","{""腐蚀电位变化"": ""参见图4-46 不同配副CoCrMo腐蚀电位变化曲线""}",,"{""类型"": ""牛血清溶液"", ""成分"": ""牛血清""}","{""表面特征"": ""可以观察到明显的转移膜"", ""扭动磨损形貌-1°"": ""小角度下磨损较轻微，仅在边缘部分存在点蚀痕迹"", ""扭动磨损形貌-3°"": ""中心区域出现明显的磨损和腐蚀痕迹，并可以观察到溶液转移膜"", ""扭动磨损形貌-5°"": ""磨损变得剧烈，中心区域磨损严重并出现大量犁沟，边缘出现片状剥落"", ""扭动磨损-表面转移膜"": ""CoCrMo表面出现明显的转移膜"", ""扭动磨损-不同载荷"": ""中心区域磨损均以点蚀坑为主，边缘出现较窄的弧状擦伤"", ""扭动磨损-循环周次影响"": ""7500次循环表面仅存在少量擦伤和点蚀坑，并有附着的牛血清转移膜，30000次循环中心区域磨痕逐渐消失，边缘磨损变得剧烈，出现大量剥落"", ""摆动磨损形貌-5°"": ""磨损集中在中心区域，出现轻微的片状剥落层"", ""摆动磨损形貌-15°和30°"": ""犁沟增多并变得密集"", ""摆动磨损-载荷影响"": ""磨损形式以磨粒磨损和腐蚀坑为主，随法向载荷增大，腐蚀坑增多，腐蚀面积增大，并伴有少量剥落"", ""磨损形貌-扭动"": ""点蚀坑和弧状磨痕为主，可观察到明显的溶液转移膜"", ""磨损形貌-摆动"": ""主要以犁沟为主，表面犁沟和点蚀坑逐渐增多，高循环周次下磨痕变宽变深，并伴有剥落"", ""磨损机制"": ""磨粒磨损""}","{""磨损机制-扭动"": ""中心区域以塑性变形为主，外围以粘着磨损和磨粒磨损为主"", ""磨损机制-摆动"": ""主要表现为磨粒磨损"", ""磨损量变化规律"": ""随角位移幅值、法向载荷和循环周次的增大而增大，扭动运动形式下的磨损量小于摆动运动形式"", ""磨损量对比"": ""扭动形式下磨损量大于高交联UHMWPE，摆动形式下仅在摆动角度为5°时磨损量略低于高交联UHMWPE"", ""磨损量-扭动角影响"": ""1°扭动角平均磨损量0.13 mg；3°扭动角平均磨损量0.29 mg；5°扭动角平均磨损量0.48 mg；扭动角越大磨损量越大"", ""磨损量-载荷影响"": ""1000N载荷平均磨损量0.21 mg；1600N载荷平均磨损量0.29 mg；2200N载荷平均磨损量0.39 mg；载荷对磨损量影响没有扭动角度影响显著"", ""磨损量-循环周次影响"": ""7500次循环磨损量0.18 mg；15000次循环磨损量0.29 mg；30000次循环磨损量0.53 mg；随循环周次增加磨损量逐渐上升"", ""T-θ曲线特征-扭动角影响"": ""1°时由椭圆形向直线型转变，运动状态由混合区转变为部分滑移区；3°时由平行四边形转变为椭圆形，处于混合区；5°时始终为平行四边形，处于完全滑移区"", ""T-θ曲线特征-载荷影响"": ""1000N时始终为平行四边形，处于完全滑移区；1600N和2200N时由平行四边形转变为椭圆形，处于混合区"", ""摩擦耗散能特征"": ""强烈依赖于扭动角度变化；1°时摩擦耗散能非常小后期几乎为零；3°和5°时摩擦耗散能显著增大；随法向载荷增大摩擦耗散能增大"", ""扭动磨损形貌-1°"": ""中心区域磨损较轻微，仅在边缘部分存在切削痕和塑性变形导致的细小折皱"", ""扭动磨损形貌-3°"": ""中间区域出现放射状的塑性变形导致的折皱，外围出现凸脊为材料塑性变形的流变堆积区，边缘部分磨损较严重出现大量随扭动方向的磨痕和犁沟同时出现片状剥落区域"", ""扭动磨损形貌-5°"": ""塑性变形导致的折皱向中心扩展，且出现较粗的塑变凸脊，塑性变形程度进一步增大，边缘区域磨痕进一步加深"", ""扭动磨损-载荷影响-1000N"": ""中心为区域较小的塑性变形区，塑性变形区周围为剥落区，最外围为轻微的擦伤和犁沟"", ""扭动磨损-载荷影响-大载荷"": ""塑性变形区向外扩展，出现较粗的塑变凸脊，边缘磨损加剧，大量剥落坑在外围出现"", ""扭动磨损-循环周次-7500次"": ""中心塑性变形较轻微并伴有细小纺锤状的剥落，边缘出现轻微且密集的磨痕和粘着剥落层"", ""扭动磨损-循环周次-30000次"": ""边缘的剥落坑逐渐被磨平，磨痕深度逐渐加深，磨损区变得凹陷，表面变得光滑"", ""扭动磨损机制"": ""中心区域以塑性变形为主，外围区域以粘着磨损和磨粒磨损为主"", ""扭动摩擦系数-1°"": ""平均摩擦系数约0.06"", ""扭动摩擦系数-3°"": ""平均摩擦系数约0.08"", ""扭动摩擦系数-5°"": ""平均摩擦系数约0.10"", ""扭动摩擦耗散能"": ""前10个循环快速上升，后期逐渐趋于平稳，随法向载荷增大而增大"", ""摆动摩擦系数-5°"": ""平均摩擦系数0.064"", ""摆动摩擦系数-15°"": ""平均摩擦系数0.07"", ""摆动摩擦系数-30°"": ""平均摩擦系数0.076"", ""摆动摩擦系数-载荷1000N"": ""平均摩擦系数0.084"", ""摆动摩擦系数-载荷1600N"": ""平均摩擦系数0.07"", ""摆动摩擦系数-载荷2200N"": ""平均摩擦系数0.059"", ""摆动磨损量-5°"": ""0.43 mg"", ""摆动磨损量-15°"": ""0.94 mg"", ""摆动磨损量-30°"": ""1.42 mg"", ""摆动磨损量-载荷1000N"": ""0.65 mg"", ""摆动磨损量-载荷1600N"": ""0.94 mg"", ""摆动磨损量-载荷2200N"": ""1.21 mg"", ""摆动磨损量-7500次"": ""0.67 mg"", ""摆动磨损量-15000次"": ""0.94 mg"", ""摆动磨损量-30000次"": ""1.26 mg"", ""摆动磨损形貌"": ""主要为沿摆动方向的细小擦伤和划痕为主，随摆动角增大出现部分塑性变形导致的凹坑，随法向载荷增大逐渐出现较深较宽的擦伤和犁沟"", ""磨损形貌-扭动"": ""中心区域为放射状塑性变形导致的凸脊，边缘区域出现剥落和犁沟"", ""磨损形貌-摆动"": ""主要为沿摆动方向的磨痕和犁沟，伴有少量剥落"", ""磨痕宽度-30000次循环"": ""6454 μm"", ""磨痕深度-30000次循环"": ""120 μm"", ""磨损特征-摆动"": ""磨损区域侧面较平整，底部出现塑性流动导致的材料堆积，具有峰状隆起，发生明显塑性变形""}","{""表面特征-扭动"": ""可观察到明显的溶液转移膜"", ""转移膜作用"": ""对腐蚀起到保护作用""}",,,,b1_9_CoCrMo合金与PEEK..,,2025-11-03 06:31:42
AJ_20251103_a11b75d3,NexGen膝关节模块化界面腐蚀与微动研究,膝关节,"Thayer School of Engineering, Dartmouth College-Audrey J. Martin等-2017年",,,,,"{""材料类别"": ""CoCr合金和Ti6Al4V合金"", ""产品型号"": ""NexGen (Zimmer)"", ""界面类型"": ""锥度+径向固定螺钉 (TR)"", ""界面位置"": ""股骨侧"", ""界面配置"": ""CoCr合金阴锥+Ti6Al4V合金阳锥"", ""连接方式"": ""CoCr股骨髁连接Ti柄延伸部""}",,,,"{""材料类别"": ""Ti6Al4V合金和CoCr合金"", ""产品型号"": ""NexGen (Zimmer)"", ""界面类型"": ""锥度+轴向螺钉 (TA) 和 锥度+径向螺钉 (TR)"", ""界面位置"": ""胫骨侧和股骨侧"", ""界面配置"": ""TA用于胫骨侧Ti托盘连接Ti柄延伸部，TR用于股骨侧CoCr髁连接Ti柄延伸部"", ""材料配对"": ""Ti-Ti, Ti-CoCr, CoCr-Ti, CoCr-CoCr""}",,,,,,,,,,,,,"{""研究类型"": ""体内植入物回收分析"", ""样本数量"": ""22个模块化膝关节"", ""界面数量"": ""72个界面"", ""植入时长"": ""34.7±23.5个月"", ""测量设备"": ""坐标测量机 (CMM)"", ""评估方法"": ""改良Goldberg评分法 (0-3分)"", ""界面分组"": ""TR界面42个，TA界面30个"", ""金属组合"": ""CoCr[Ti,CoCr] 21个，Ti[Ti,CoCr] 23个，Ti[Ti,Ti] 28个"", ""最长植入时长"": ""77.1个月"", ""取出原因"": ""植入物松动为主，无金属相关失效"", ""测量参数"": ""体积材料丢失和最大线性深度 (MLD)"", ""锥度角"": ""6.00°±0.01°"", ""失效原因"": ""11个因松动取出""}","{""环境"": ""体内环境""}","{""总体积材料损失中值"": ""-0.23 mm³"", ""最大线性深度中值"": ""5.84 μm"", ""混合金属界面CoCr组件最大线性深度"": ""显著高于Ti组件 (P=0.007)"", ""混合金属界面Ti6Al4V合金微动评分"": ""显著高于其他组"", ""锥角与材料损失相关性"": ""无相关性"", ""临床影响"": ""无金属相关不良反应，腐蚀对患者预后影响不明显"", ""腐蚀评分-中位数"": ""2分"", ""腐蚀评分-TR"": ""2分 (0-3)"", ""腐蚀评分-TA"": ""1分 (0-3)"", ""腐蚀评分-CoCr[Ti,CoCr]"": ""2分 (0-3)"", ""腐蚀评分-Ti[Ti,CoCr]"": ""2分 (1-3)"", ""腐蚀评分-Ti[Ti,Ti]"": ""1分 (0-3)"", ""微动评分-中位数"": ""1分"", ""微动评分-TR"": ""1分 (0-2)"", ""微动评分-TA"": ""1分 (0-3)"", ""微动评分-CoCr[Ti,CoCr]"": ""0分 (0-2)"", ""微动评分-Ti[Ti,CoCr]"": ""1分 (0-2)，显著高于CoCr[Ti,CoCr] (P=0.012) 和Ti[Ti,Ti] (P=0.021)"", ""微动评分-Ti[Ti,Ti]"": ""1分 (0-3)"", ""体积材料丢失-中位数"": ""-0.23 mm³ (-2.83至2.41)"", ""体积材料丢失-TR"": ""-0.12 mm³ (-2.30至4.57)"", ""体积材料丢失-TA"": ""-0.36 mm³ (-2.83至0.55)"", ""体积材料丢失-CoCr[Ti,CoCr]"": ""-0.22 mm³ (-2.83至4.57)"", ""体积材料丢失-Ti[Ti,CoCr]"": ""-0.10 mm³ (-1.10至0.84)"", ""体积材料丢失-Ti[Ti,Ti]"": ""-0.36 mm³ (-1.64至0.55)"", ""最大线性深度MLD-中位数"": ""5.84 μm (0.99-53.69)"", ""最大线性深度MLD-TR"": ""6.16 μm (1.91-53.47)"", ""最大线性深度MLD-TA"": ""5.57 μm (0.99-53.69)"", ""最大线性深度MLD-CoCr[Ti,CoCr]"": ""11.34 μm (2.45-53.47)，显著高于Ti[Ti,CoCr] (P=0.007)"", ""最大线性深度MLD-Ti[Ti,CoCr]"": ""4.64 μm (1.91-35.71)"", ""最大线性深度MLD-Ti[Ti,Ti]"": ""5.30 μm (0.99-53.69)"", ""相关性分析"": ""MLD与腐蚀评分相关 (rs=0.335, P=0.004)，与微动评分无相关性；锥度角与体积丢失呈弱负相关 (rs=-0.35, P=0.003)"", ""统计显著性"": ""TR与TA界面类型在腐蚀评分 (P=0.21) 和微动评分 (P=1.00) 无显著差异；混合金属界面腐蚀评分高于Ti[Ti,Ti]但无显著性 (P>0.10)"", ""材料损失量-CoCr表面"": ""统计学上高于Ti表面近3倍"", ""优先腐蚀"": ""混合金属界面中CoCr表面优先腐蚀"", ""体积损失"": ""大多数<1 mm³"", ""线性深度"": ""大多数<40 μm"", ""腐蚀评分与MLD相关性"": ""腐蚀评分与MLD相关"", ""微动评分与MLD相关性"": ""微动评分与MLD不相关，83.1%表面微动评分为0或1"", ""损伤模式"": ""径向螺钉锥度和混合金属界面显示显著损伤"", ""电化学机制"": ""可能存在电偶腐蚀过程，微动破坏钝化氧化层促进电偶作用""}",b2_1_取出组合膝关节界面腐蚀,,
AJ_20251103_aab2a123,CoCrMo-Ti6Al4V髋关节锥颈微动腐蚀实验,髋关节,"Submitted: 23 September 2020/Revised: 28 February 2021/Accepted: 11 March 2021/Published online: 19 April 2021-Dekun Zhang, Yueru Zhang, Kai Chen, Xinyue Zhang, and Handong Xt","{""材料类别"": ""CoCrMo合金"", ""形状"": ""圆盘"", ""直径"": ""25 mm"", ""厚度"": ""4 mm""}",,"{""密度"": ""1300 kg/m³"", ""屈服强度"": ""91.68 MPa"", ""断裂伸长率"": ""45%"", ""弹性模量"": ""3.7 GPa"", ""硬度"": ""84.5 HV""}",,"{""材料类别"": ""Ti6Al4V合金"", ""形状"": ""圆柱销"", ""直径"": ""10 mm""}",,"{""密度"": ""4490 kg/m³"", ""屈服强度"": ""860 MPa"", ""断裂伸长率"": ""12%"", ""弹性模量"": ""110 GPa"", ""硬度"": ""348 HV""}",,,,,,,,,,,,,,,"{""接触模型"": ""Pin-disk接触模型"", ""模拟对象"": ""全髋关节置换假体锥颈连接"", ""载荷"": ""10 N, 40 N, 80 N"", ""微动幅值"": ""40 μm, 80 μm, 160 μm"", ""电化学设置"": ""极化电位0.2 V，稳定1小时"", ""测试设备"": ""自制微动试验装置+CS型电化学工作站"", ""工作电极"": ""Ti6Al4V pin"", ""对电极"": ""10×10×0.1 mm Pt电极(99.99%)"", ""参比电极"": ""Ag/AgCl电极""}","{""类型"": ""25% FBS"", ""成分"": ""蛋白质、肽类""}","{""微动形式"": ""完全滑移区转向部分滑移区"", ""摩擦力"": ""相对较低"", ""腐蚀电流-40μm"": ""平均0.072 mA"", ""腐蚀电流-80μm"": ""平均0.094 mA"", ""腐蚀电流-160μm"": ""平均0.121 mA"", ""磨损形貌"": ""接触区域出现圆形磨损坑"", ""腐蚀特征"": ""PEEK样品无腐蚀迹象""}",PEEK-Ti减缓CoCr-Ti微动腐蚀,,2025-11-03 06:31:42
AJ_20251103_b60819e7,CoCrMo-UHMWPE摩擦腐蚀实验,髋关节,中国矿业大学硕士学位论文-崔文-2017年5月,"{""材料类别"": ""CoCrMo合金"", ""材料标准"": ""YY0117.3"", ""半径"": ""14 mm"", ""表面处理"": ""抛光"", ""表面粗糙度"": ""Ra≤0.05 μm""}","{""Co"": ""余量"", ""Cr"": ""28.08 wt%"", ""Mo"": ""6.13 wt%"", ""Ni"": ""0.1 wt%"", ""Fe"": ""0.1 wt%"", ""Mn"": ""0.24 wt%"", ""C"": ""0.1 wt%""}","{""抗拉强度"": ""890 MPa"", ""屈服强度"": ""530 MPa""}",,,,,,"{""材料类别"": ""UHMWPE"", ""材料标准"": ""GB/T19701-2"", ""尺寸"": ""Φ33 mm × 6 mm"", ""表面粗糙度"": ""Ra≤0.5 μm""}",,,"{""极限抗拉强度"": ""58 MPa"", ""冲击强度"": ""160 KJ/m²"", ""抗拉屈服强度"": ""23 MPa"", ""断后伸长率"": ""450%"", ""密度"": ""935 kg/m³""}",,,"{""腐蚀电位"": ""三种电位(OCP, 0.5V, -0.5V)"", ""测试设备"": ""膝关节模拟试验机 (Simulation Solutions Ltd)"", ""载荷"": ""1000 N"", ""频率"": ""1 Hz"", ""温度"": ""37±2°C"", ""循环次数"": ""100000, 200000, 300000"", ""运动形式"": ""摆动+扭动复合运动"", ""屈曲角"": ""15°"", ""扭动角"": ""3°""}","{""腐蚀行为"": ""摩擦腐蚀开始后钝化膜破坏，腐蚀电位迅速下降，腐蚀电流增加，腐蚀速率加快"", ""电位影响"": ""阴极保护电位(-0.5V)下腐蚀电压及腐蚀电流均低于OCP和0.5V，降低了CoCrMo合金的腐蚀倾向"", ""自腐蚀电位Ecorr"": ""约-0.22 V (实验前空白试样)"", ""OCP电位腐蚀行为"": ""极化曲线向左上方移动，腐蚀电流增加，腐蚀电位负移，有二次钝化趋势"", ""0.5V电位腐蚀行为"": ""极化曲线向左上方移动，腐蚀电流增加，腐蚀电位负移"", ""负0.5V电位腐蚀行为"": ""极化曲线左移但腐蚀电流变化不大，阴极保护作用明显，极化曲线更陡峭，腐蚀反应阻力增大，腐蚀趋势减弱"", ""腐蚀机制"": ""表面钝化膜破坏导致腐蚀电位降低"", ""腐蚀行为-OCP"": ""三种电位在阳极区都有一定程度的钝化区甚至二次钝化区形成，钝化膜形成后腐蚀电流下降"", ""腐蚀行为-阴极保护"": ""阴极保护(-0.5V)下CoCrMo有更低的腐蚀趋势，不同阶段的腐蚀电压及腐蚀电流均低于OCP及0.5V电压的值，腐蚀速度慢，抑制了腐蚀倾向，改善了耐蚀性能"", ""摩擦腐蚀行为"": ""静态腐蚀电位稳定，摩擦腐蚀开始阶段钝化膜破坏，腐蚀电位迅速下降，腐蚀倾向增大，腐蚀电流增加，腐蚀速率加快"", ""摩擦系数"": ""试验前期摩擦系数均呈上升趋势，后期趋于稳定，二次加载后摩擦系数明显下降，阴极保护电位下摩擦系数较小""}",,"{""类型"": ""Kokubo模拟体液"", ""成分"": ""NaCl 8.035g, NaHCO3 0.355g, KCl 0.225g, K2HPO4·3H2O 0.231g, MgCl2·6H2O 0.311g, HCl 39mL, CaCl2 0.292g, Na2SO4 0.072g, Tris 6.118g"", ""pH"": ""7.42±0.01"", ""温度"": ""36.5±0.2°C"", ""添加剂"": ""0.3% 叠氮钠""}","{""磨损机制"": ""磨粒磨损"", ""表面特征"": ""存在离散分布的腐蚀斑，局部区域存在呈黑色断续的UHMWPE粘着膜，表面擦伤及犁沟磨损""}","{""磨损机制"": ""粘着磨损为主，伴随大量塑性变形，局部存在疲劳剥落磨损"", ""磨损量-OCP电位"": ""约14 mg (30万转后)"", ""磨损量-0.5V电位"": ""约14 mg (30万转后)"", ""磨损量-负0.5V电位"": ""约10 mg (30万转后，最低)"", ""磨屑特征"": ""粒径0.1-10 μm"", ""表面特征"": ""大量不规则鳞片及树皮状隆起，垂直于摆动方向存在犁沟和裂纹，塑变折皱和裂纹"", ""磨损程度"": ""OCP电位下腐蚀及磨损较为严重，-0.5V电位下最轻"", ""磨损行为"": ""在摆动/扭动摩擦运动下，中部为重载剥落区，磨屑难以排出并堆积形成不规则隆起，最大高度差达到318.3 μm""}",,,,,CoCrMo_UHMWPE...粒的分形表征及形态分类研究_崔文,,
AJ_20251103_594976a2,CoCrMo合金-生理盐水缝隙腐蚀实验,髋关节,,"{""材料类别"": ""医用锻造CoCrMo合金""}","{""Cr"": ""28.32 wt%"", ""Mo"": ""5.43 wt%"", ""Co"": ""62.45 wt%"", ""Ni"": ""<1.0 wt%"", ""Mn"": ""<1.0 wt%"", ""Si"": ""<1.0 wt%"", ""C"": ""0.20 wt%""}",,"{""晶粒特征"": ""奥氏体中存在许多退火孪晶"", ""晶界类型"": ""Σ3晶界（红色标记）""}",,,,,,,,,,,,,,,,,,"{""试样尺寸"": ""18 mm × 10 mm × 1.5 mm"", ""表面处理"": ""机械抛光至无划痕镜面"", ""缝隙宽度控制"": ""PTFE薄膜控制，范围0.05-0.15 mm"", ""对电极"": ""20 mm × 20 mm × 0.2 mm铂板"", ""参比电极"": ""饱和甘汞电极(SCE)"", ""钝化膜处理"": ""恒电位-1 V保持10 min"", ""电化学方法"": ""动电位极化实验"", ""恒电位实验电位"": ""0.3 V (钝化区), 0.4 V (过钝化区), 0.9 V""}","{""类型"": ""NaCl溶液"", ""浓度"": ""0.9 wt%""}","{""电位扫描范围"": ""-1~1.5 V"", ""扫描速率"": ""1 mV/s"", ""扫描步长"": ""1 mV"", ""自腐蚀电位趋势"": ""不同缝隙宽度下Ecorr非常接近，0.10 mm和0.15 mm缝隙宽度下略低于0.05 mm和无缝样品"", ""自腐蚀电流密度趋势"": ""0.10 mm缝隙宽度下Icorr最小，表明中等缝隙宽度范围内腐蚀较轻"", ""钝化电位趋势"": ""0.05 mm和0.10 mm缝隙宽度下Eb略高于0.15 mm"", ""缝隙宽度影响"": ""三种缝隙宽度下电位区间差异仅为数十毫伏"", ""腐蚀形貌"": ""无局部点蚀，腐蚀形貌均匀，缝隙外腐蚀产物层开裂形成深沟"", ""0.05 mm缝隙-腐蚀产物层厚度"": ""较大且深"", ""0.1 mm缝隙-腐蚀产物层厚度"": ""最小且均匀，腐蚀最轻"", ""0.15 mm缝隙-腐蚀产物层厚度"": ""较大且深"", ""无缝隙-腐蚀产物层厚度"": ""沟槽最浅，腐蚀最轻"", ""恒电位0.3V-电流密度变化"": ""随缝隙宽度增加先增后减"", ""恒电位0.4V-电流密度变化"": ""曲线下降，参与钝化过程，0.1 mm缝隙宽度电流下降最快"", ""恒电位0.9V-电流密度变化"": ""电流略有上升，0.05 mm和0.1 mm缝隙宽度性能较好"", ""腐蚀机制"": ""缝隙影响活性传输物质浓度差，进而影响腐蚀。缝隙小时金属离子积聚导致缝隙内电位升高，催化外部氧化；缝隙0.1 mm时氧分子进入困难，外部处于静态氧状态，腐蚀温和缓慢；缝隙0.15 mm时氧分子传输抑制减轻，形成浓度差，增加腐蚀倾向""}",b1_8_钴铬钼与不锈钢的缝隙腐蚀,,2025-11-03 06:31:42
AJ_20251103_03e6ac94,CoCrMo-PEEK膝关节摩擦腐蚀实验,膝关节,中国矿业大学硕士学位论文-作者未知-年份未知,"{""材料类别"": ""CoCrMo合金""}","{""化学成分"": ""参见表2-1""}","{""力学性能"": ""参见表2-1""}",,,,,,"{""材料类别"": ""PEEK"", ""材料全称"": ""聚醚醚酮""}",,,"{""力学性能"": ""参见表2-2""}",,"{""耐磨性"": ""可在250°C下保持高的耐磨性和低的摩擦系数"", ""耐热性"": ""可在250°C长期使用，瞬间使用温度可达300°C，400°C短时间内几乎不分解"", ""生物相容性"": ""具有良好的生物相容性，能促进成骨细胞的蛋白合成"", ""自润滑性"": ""在所有塑料中具有出众的滑动特性"", ""耐疲劳性"": ""可与合金材料媲美"", ""力学稳定性"": ""200°C时的弯曲强度为24 MPa，250°C时的弯曲强度和压缩强度为12-13 MPa"", ""耐化学药品性"": ""耐腐蚀性与镍钢相近"", ""耐水解性"": ""100°C的水中连续浸泡200天，强度几乎保持不变"", ""耐辐射性能"": ""在高剂量电离辐射下可正常工作""}","{""运动形式"": ""扭动和摆动"", ""扭动实验条件"": ""参见表2-5"", ""摆动实验条件"": ""参见表2-6"", ""电化学测试设备"": ""CHI614E型电化学工作站"", ""表面形貌分析设备"": ""三维白光干涉表面形貌仪""}","{""腐蚀行为-扭动"": ""腐蚀电流在后期出现下降阶段，腐蚀速度在后期逐渐降低"", ""磨损影响"": ""表面磨损对腐蚀倾向影响较小"", ""腐蚀性能对比"": ""与PEEK配副腐蚀性能优于与高交联UHMWPE配副"", ""腐蚀行为"": ""腐蚀电流在后期出现下降阶段，腐蚀速度逐渐降低"", ""腐蚀倾向"": ""表面磨损对腐蚀倾向影响较小"", ""腐蚀电流行为-摆动"": ""开始阶段呈逐渐升高趋势，随后逐渐趋于平稳"", ""载荷影响-1000N"": ""腐蚀电流最低，腐蚀速度最慢"", ""载荷影响-1600N和2200N"": ""大载荷下腐蚀电流相近，腐蚀速度均较快"", ""腐蚀机制"": ""CoCrMo表面钝化膜受磨损作用被逐渐破坏，金属离子释放，腐蚀速度逐渐加快"", ""极化曲线-摆动角影响"": ""5°时极化曲线负移最多，自腐蚀电位最负，腐蚀倾向最大；随摆动角增大，极化曲线向右下方移动，自腐蚀电位正移，腐蚀倾向逐渐减小"", ""极化曲线-载荷影响"": ""自腐蚀电位随法向载荷增大略微增大""}",,,"{""磨损表面特征"": ""可以观察到明显的转移膜"", ""磨损形貌-扭动1°"": ""磨损轻微，仅在边缘部分存在点蚀痕迹"", ""磨损形貌-扭动3°"": ""中心区域出现明显磨损和腐蚀痕迹，可观察到溶液转移膜"", ""磨损形貌-扭动5°"": ""磨损剧烈，中心区域磨损严重并出现大量犁沟，边缘出现片状剥落"", ""表面转移膜"": ""可观察到明显的溶液转移膜""}","{""磨损机制-扭动"": ""表面中心区域以塑性变形为主，外围以粘着磨损和磨粒磨损为主"", ""磨损机制-摆动"": ""主要为沿摆动方向的磨痕和犁沟，伴有少量剥落"", ""磨损趋势"": ""磨损量随角位移幅值、法向载荷和循环周次的增大而增大，扭动运动形式下的磨损量小于摆动运动形式"", ""磨损量对比"": ""摆动角度为5°时磨损量略低于高交联UHMWPE，其余条件下磨损量均大于高交联UHMWPE"", ""摩擦系数-扭动1°"": ""0.041"", ""摩擦系数-扭动3°"": ""0.032"", ""摩擦系数-扭动5°"": ""0.011"", ""摩擦系数特征"": ""扭动角越大摩擦系数越低"", ""摩擦系数-1000N"": ""0.057"", ""摩擦系数-1600N"": ""0.032"", ""摩擦系数-2200N"": ""0.089"", ""摩擦系数与载荷关系"": ""1600N时摩擦系数最低，载荷增大或减小摩擦系数均上升"", ""磨损量-扭动1°"": ""0.13 mg"", ""磨损量-扭动3°"": ""0.29 mg"", ""磨损量-扭动5°"": ""0.48 mg"", ""磨损量-1000N"": ""0.21 mg"", ""磨损量-1600N"": ""0.29 mg"", ""磨损量-2200N"": ""0.39 mg"", ""磨损量-7500次"": ""0.18 mg"", ""磨损量-15000次"": ""0.29 mg"", ""磨损量-30000次"": ""0.53 mg"", ""T-θ曲线-1°"": ""由椭圆形向直线型转变，运动状态由混合区转变为部分滑移区"", ""T-θ曲线-3°"": ""由平行四边形转变为椭圆形，运动处于混合区"", ""T-θ曲线-5°"": ""始终为平行四边形，处于完全滑移区"", ""摩擦耗散能"": ""强烈依赖于扭动角度变化，1°时几乎为零，3°和5°时显著增大"", ""磨损形貌-扭动1°"": ""中心区域磨损轻微，边缘部分存在切削痕和塑性变形导致的细小折皱"", ""磨损形貌-扭动3°"": ""中间区域出现放射状塑性变形折皱，外围出现凸脊，边缘出现大量磨痕和犁沟及片状剥落"", ""磨损形貌-扭动5°"": ""塑性变形折皱向中心扩展，出现较粗的塑变凸脊，边缘磨痕进一步加深"", ""磨损机制类型"": ""磨粒磨损"", ""磨损表面特征"": ""表面主要为沿摆动方向的磨痕为主，同时有部分较深较宽的犁沟，并伴有少量犁削凹坑"", ""磨痕宽度-30000次"": ""6454 μm"", ""磨痕深度-30000次"": ""120 μm"", ""三维形貌特征"": ""磨损区域侧面较平整，底部出现塑性流动导致的材料堆积，具有峰状隆起，发生明显塑性变形""}",,,,,CoCrMo合金与PEEK...工膝关节组合的摩擦腐蚀行为_刘栋梁,,2025-11-03 06:31:42
AJ_20251103_0a53ae8c,PEEK-UHMWPE掌指关节模拟器磨损测试,掌指关节,,"{""材料类别"": ""钛合金"", ""组件类型"": ""关节对磨表面""}",,,,,,,,"{""材料类别-1"": ""未填充PEEK"", ""材料类别-2"": ""UHMWPE"", ""组件类型"": ""关节帽""}",,,,,,"{""测试设备"": ""掌指关节模拟器""}",,,,,"{""UHMWPE磨损"": ""未检测到磨损"", ""PEEK磨损率"": ""0.26 mm³/Mcycles"", ""磨损性能对比"": ""未填充PEEK磨损性能劣于UHMWPE"", ""原因分析"": ""归因于缺乏纤维增强""}",,,,,b1_6_PEEK材料用于关节置换综述,,2025-11-03 06:31:42
AJ_20251103_8808094d,CFR PEEK-CoCr摩擦磨损实验-多接触应力-SuperCTPOD,髋关节,,"{""材料类别"": ""CoCr"", ""直径"": ""28 mm"", ""厚度"": ""10 mm"", ""表面粗糙度"": ""<0.050 μm Ra"", ""硬度范围"": ""550-800 MPa""}",,"{""硬度"": ""550-800 MPa""}",,,,,,"{""材料类别"": ""CFR PEEK"", ""碳纤维含量"": ""30%"", ""外径"": ""9 mm"", ""高度"": ""12 mm"", ""环面高度"": ""2 mm""}","{""填料类型"": ""碳纤维"", ""填料含量"": ""30%""}",,"{""弹性模量"": ""6000 MPa"", ""密度"": ""1.38 mg/mm³"", ""拉伸强度"": ""112 MPa"", ""断裂伸长率"": ""10%"", ""球压硬度"": ""298 MPa"", ""硬度"": ""298 MPa""}",,"{""表面粗糙度-组1"": ""0.73±0.16 μm"", ""表面粗糙度-组2"": ""1.794±0.10 μm"", ""表面粗糙度-组3"": ""1.461±0.16 μm"", ""表面粗糙度-组4"": ""2.352±0.27 μm"", ""表面粗糙度-组5"": ""3.170±0.37 μm""}","{""测试设备"": ""50-station pin-on-disc machine (SuperCTPOD)"", ""测试类型"": ""Pin-on-disc"", ""试样数量"": ""50 pins (5组, 每组10个pins)"", ""载荷"": ""70.7 N"", ""频率"": ""1 Hz"", ""运动形式"": ""椭圆轨道运动"", ""磨损轨迹"": ""12×10 mm"", ""滑动距离"": ""34.62 mm/cycle"", ""循环次数"": ""2.5 million cycles"", ""接触应力组1"": ""1.11 MPa (外径9.00mm,无内孔,接触面积63.62mm²)"", ""接触应力组2"": ""1.38 MPa (外径9.00mm,内径4.00mm,接触面积51.05mm²)"", ""接触应力组3"": ""1.61 MPa (外径9.00mm,内径5.00mm,接触面积43.98mm²)"", ""接触应力组4"": ""2.00 MPa (外径9.00mm,内径6.00mm,接触面积35.34mm²)"", ""接触应力组5"": ""5.30 MPa (外径9.00mm,内径8.00mm,接触面积13.35mm²)"", ""接触应力组别"": ""Group 1: 1.11 MPa, Group 2: 1.38 MPa, Group 3: 1.61 MPa, Group 4: 2.00 MPa, Group 5: 5.30 MPa"", ""对照试样"": ""每组1个control pin用于追踪润滑液吸收"", ""接触应力"": ""1.11, 2.00, 3.09, 4.28, 5.30 MPa""}","{""金属碎屑释放"": ""CoCr盘重量损失显著(ANOVA, p=0.00)"", ""腐蚀特征"": ""CFR PEEK导致CoCr盘磨损, 与UHMWPE和XLPE测试对比CoCr盘未见此类磨损""}",,"{""类型"": ""稀释新生牛血清"", ""蛋白浓度"": ""22 g/L"", ""稀释剂"": ""去离子水"", ""体积"": ""约16 ml/组件"", ""更换频率"": ""每250,000 cycles更换""}","{""总材料移除量"": ""3.12 mg (50个discs)"", ""磨损率-Group1"": ""1.32±0.53 mg/Mc"", ""磨损率-Group2"": ""1.17±0.37 mg/Mc"", ""磨损率-Group3"": ""0.73±0.14 mg/Mc"", ""磨损率-Group4"": ""1.63±0.41 mg/Mc"", ""磨损率-Group5"": ""1.42±0.41 mg/Mc"", ""磨损因子-Group1"": ""6.51±6.59 ×10⁻⁶ mm³/Nm"", ""磨损因子-Group2"": ""5.78±4.51 ×10⁻⁶ mm³/Nm"", ""磨损因子-Group3"": ""3.60±1.70 ×10⁻⁶ mm³/Nm"", ""磨损因子-Group4"": ""8.02±5.00 ×10⁻⁶ mm³/Nm"", ""磨损因子-Group5"": ""7.00±5.06 ×10⁻⁶ mm³/Nm"", ""表面粗糙度-实验前"": ""0.015±0.004 μm"", ""表面粗糙度-实验后"": ""0.020±0.005 μm"", ""表面粗糙度变化"": ""在前500,000循环后稳定，后续变化不显著"", ""磨损系数"": ""61.8×10⁻⁹ mm³/Nm"", ""磨损特征"": ""CoCr盘表面出现明显磨损轨迹"", ""磨损对比"": ""磨损系数大于MoM髋关节模拟器测试结果(2.1×10⁻⁹ mm³/Nm)"", ""表面形貌"": ""中央椭圆形磨损区域""}","{""总重量损失-Group1"": ""3.97±1.23 mg"", ""总重量损失-Group2"": ""1.72±0.23 mg"", ""总重量损失-Group3"": ""1.52±0.24 mg"", ""总重量损失-Group4"": ""1.67±0.34 mg"", ""总重量损失-Group5"": ""1.63±0.34 mg"", ""磨损率-Group1"": ""1.59±1.34 mg/Mc"", ""磨损率-Group2"": ""0.65±0.15 mg/Mc"", ""磨损率-Group3"": ""0.61±0.38 mg/Mc"", ""磨损率-Group4"": ""0.58±0.17 mg/Mc"", ""磨损率-Group5"": ""0.65±0.13 mg/Mc"", ""磨损因子-Group1"": ""0.42±0.40 ×10⁻⁶ mm³/Nm"", ""磨损因子-Group2"": ""0.19±0.04 ×10⁻⁶ mm³/Nm"", ""磨损因子-Group3"": ""0.18±0.11 ×10⁻⁶ mm³/Nm"", ""磨损因子-Group4"": ""0.17±0.05 ×10⁻⁶ mm³/Nm"", ""磨损因子-Group5"": ""0.19±0.04 ×10⁻⁶ mm³/Nm"", ""润滑液吸收-Group1"": ""0.81 mg"", ""润滑液吸收-Group2"": ""0.99 mg"", ""润滑液吸收-Group3"": ""0.88 mg"", ""润滑液吸收-Group4"": ""0.84 mg"", ""润滑液吸收-Group5"": ""0.75 mg"", ""表面粗糙度-实验前-Group1"": ""1.55±0.16 μm"", ""表面粗糙度-实验前-Group2"": ""1.55±0.10 μm"", ""表面粗糙度-实验前-Group3"": ""2.00±0.16 μm"", ""表面粗糙度-实验前-Group4"": ""2.15±0.27 μm"", ""表面粗糙度-实验前-Group5"": ""3.21±0.37 μm"", ""表面粗糙度-实验后-Group1"": ""0.18±0.02 μm"", ""表面粗糙度-实验后-Group2"": ""0.15±0.04 μm"", ""表面粗糙度-实验后-Group3"": ""0.19±0.06 μm"", ""表面粗糙度-实验后-Group4"": ""0.28±0.05 μm"", ""表面粗糙度-实验后-Group5"": ""0.30±0.07 μm"", ""特殊现象"": ""Group 5有2个试样分别在前500,000和1,000,000循环时断裂"", ""磨损率"": ""0.56 mg/Mc"", ""磨损率对比"": ""低于UHMWPE(7.86 mg/Mc)和XLPE(1.05 mg/Mc)"", ""pin断裂"": ""组5(5.30 MPa)有2个pins在前100万次循环中断裂"", ""异常磨损"": ""组1(1.11 MPa)有3个pins出现意外磨损行为"", ""表面特征"": ""所有pins表面抛光"", ""表面粗糙度变化"": ""显著增加(p=0.00), 组5(5.30 MPa)粗糙度值最高, 各组间呈递增趋势""}",,,,,CFR PEEK and CoCr 加速CoCr磨损,,2025-11-03 06:31:42
AJ_20251103_d1a0165c,PEEK-OPTIMA-UHMWPE颗粒巨噬细胞反应性实验-10μm,,J Biomed Mater Res Part B: Appl Biomater-Nadim James Hallab等-2012,,,,,,,,,"{""材料类别"": ""PEEK-OPTIMA, UHMWPE, X-UHMWPE"", ""颗粒尺寸"": ""10-13 μm"", ""颗粒分布"": "">95%颗粒>5 μm, >90%颗粒<25 μm"", ""颗粒形状"": ""纤维状, 平均纵横比2-4"", ""材料来源-PEEK"": ""Invibio Biomaterial Solutions PEEK-OPTIMA-LT1"", ""材料来源-UHMWPE"": ""DePuy Enduron Cat 1241-12-526"", ""材料来源-X-UHMWPE"": ""DePuy Marathon Cat 1219-36-056"", ""灭菌方式"": ""环氧乙烷灭菌 (>2000 mg/L-hours at 72F)"", ""内毒素水平"": ""<0.01 EU""}",,,"{""特性"": ""PEEK-OPTIMA颗粒比UHMWPE更亲水""}",,"{""显微可见性"": ""10 μm所有材料颗粒易于观察"", ""生物反应性"": ""最高炎症反应"", ""颗粒尺寸效应"": ""大颗粒(10-13 μm)诱导显著更高的细胞因子反应"", ""UHMWPE特征"": ""13 μm UHMWPE颗粒诱导极高MCP-1产生"", ""X-UHMWPE特征"": ""10 μm X-UHMWPE颗粒诱导所有细胞因子显著增加""}","{""测试对象"": ""人单核/巨噬细胞 (THP-1和原代人巨噬细胞)"", ""颗粒剂量"": ""20 particles-per-cell"", ""时间点"": ""24 h和48 h"", ""温度"": ""37°C"", ""CO2浓度"": ""5%"", ""培养基"": ""DMEM + 10% FBS"", ""细胞密度-THP1单核细胞"": ""0.6×10⁶ cells/well (96孔板)"", ""细胞纯度-原代单核细胞"": "">90%"", ""阳性对照-THP1"": ""10% ethanol"", ""阳性对照-原代细胞"": ""LPS 5 ng/mL"", ""颗粒固定方法"": ""静电结合至培养板底部, 6天后>95%颗粒保持固定""}",,"{""炎症反应"": ""PEEK-OPTIMA颗粒比UHMWPE颗粒诱导更少的炎症细胞因子反应"", ""颗粒尺寸效应"": ""平均而言，10 μm较大颗粒比0.7和2 μm颗粒对细胞因子产生更不利影响"", ""细胞因子-24h"": ""X-UHMWPE比PEEK-OPTIMA和UHMWPE更多诱导IL-1β、IL-6、MCP-1和TNF-α (p<0.05)"", ""细胞因子-48h"": ""48h时无显著差异"", ""细胞毒性对比"": ""24h和48h时，巨噬细胞对UHMWPE和X-UHMWPE的细胞毒性反应高于PEEK-OPTIMA"", ""吞噬能力"": ""10 μm颗粒刚好能够被细胞吞噬"", ""炎症机制"": ""炎症反应与颗粒负荷成正比，即可吞噬颗粒的浓度（由尺寸和总碎片体积表征）"", ""临床相关性"": ""10 μm范围的颗粒具有临床相关性，对比PEEK-OPTIMA和UHMWPE颗粒很重要"", ""细胞行为"": ""细胞无法吞噬颗粒不妨碍其尝试吞噬更大颗粒并导致促炎反应""}","{""培养基"": ""DMEM (Dulbecco's modified Eagle medium)"", ""血清"": ""10% FBS (fetal bovine serum)"", ""温度"": ""37°C""}",,"{""细胞活力"": ""PEEK-OPTIMA、UHMWPE和X-UHMWPE颗粒对巨噬细胞活力无显著差异"", ""细胞增殖"": ""PEEK-OPTIMA、UHMWPE和X-UHMWPE颗粒对巨噬细胞增殖无显著差异"", ""细胞增殖检测"": ""[³H]-thymidine掺入法, 最后12 h加入~1 μCi/well"", ""细胞活力检测"": ""ATP化学发光法 (CellTiter Glo), 检测范围1至>5×10⁴ cells/well"", ""细胞毒性检测"": ""LDH释放法, 荧光检测 (560 nm激发, 590 nm发射)"", ""细胞因子分析"": ""Luminex多重悬浮芯片技术检测IL-1β, IL-6, IL-8, MCP-1, TNF-α"", ""细胞活力-24h"": ""PEEK-OPTIMA 13 μm颗粒诱导显著降低"", ""细胞活力-48h"": ""PEEK-OPTIMA 13 μm颗粒诱导显著降低（>80%对照值）"", ""细胞毒性-24h"": ""PEEK-OPTIMA 13 μm颗粒显著增加LDH释放（p<0.05）"", ""细胞毒性-48h"": ""无显著LDH释放"", ""增殖反应-24h"": ""无显著变化"", ""增殖反应-48h"": ""诱导显著增殖降低（p<0.05）"", ""显微形态学"": ""24h后未见显微可见毒性反应，10 μm颗粒易于观察，20颗粒/细胞浓度开始遮挡细胞成像"", ""吞噬能力"": ""10-13 μm颗粒可被吞噬，但有效可吞噬颗粒数可能少于实际剂量"", ""膜稳定性"": ""48h时细胞毒性低于24h，表明初始吞噬期间（前24h）膜不稳定性/渗透性增加"", ""细胞毒性-PEEK-OPTIMA"": ""13 μm颗粒诱导细胞毒性"", ""细胞毒性-UHMWPE"": ""显著增加，接近阳性对照"", ""细胞毒性-X-UHMWPE"": ""10 μm颗粒诱导细胞毒性"", ""细胞因子-UHMWPE"": ""13 μm UHMWPE颗粒诱导MCP-1 ~10000 pg/mL，高IL-6, IL-8"", ""细胞因子-X-UHMWPE"": ""10 μm X-UHMWPE颗粒诱导所有细胞因子显著增加，MCP-1增加~5000倍"", ""细胞因子倍数"": ""大颗粒诱导细胞因子产生>2-100倍增加"", ""细胞毒性"": ""未显著影响THP-1巨噬细胞活力，增殖或活力变化<20%"", ""炎症反应"": ""10 μm X-UHMWPE颗粒和13 μm UHMWPE颗粒在24 h时诱导IL-1β、IL-6、IL-8、MCP-1和TNF-α显著增加>2-100倍，高于PEEK-OPTIMA颗粒"", ""颗粒尺寸效应"": ""较大尺寸颗粒在24 h时更易引发细胞因子反应"", ""生物相容性"": ""PEEK-OPTIMA颗粒比UHMWPE颗粒更具生物相容性，PEEK-OPTIMA植入物碎屑不代表比UHMWPE更高的炎症风险""}",,,,,b1_4_peek_particle炎性反应风险低于聚乙烯particle,,2025-11-03 06:31:42
AJ_20251103_27d64332,CoCrMo合金表面能与BSA蛋白吸附实验,髋关节和膝关节,Beijing Advanced Innovation Center for Materials Genome Engineering-Zhou K等-未标注年份,"{""材料类别"": ""CoCrMo合金"", ""材料标准"": ""ASTM F75"", ""加工工艺"": ""锻造"", ""样品尺寸"": ""直径20 mm，厚度5 mm"", ""表面处理"": ""机械研磨抛光至镜面"", ""表面粗糙度"": ""Ra约3 nm"", ""表面粗糙度-未处理"": ""Ra 2.7 nm"", ""表面粗糙度-200°C 3h"": ""Ra 2.89 nm"", ""表面粗糙度-200°C 12h"": ""Ra 3.22 nm"", ""表面粗糙度-500°C 3h"": ""Ra 5.91 nm"", ""表面粗糙度-500°C 12h"": ""Ra 10.9 nm""}","{""Co"": ""62.45 wt%"", ""Cr"": ""28.32 wt%"", ""Mo"": ""5.43 wt%"", ""C"": ""0.20 wt%"", ""Ni"": ""<1.0 wt%"", ""Si"": ""<1.0 wt%"", ""Mn"": ""<1.0 wt%""}","{""接触角-去离子水-未处理"": ""73.23±1.30°"", ""接触角-乙二醇-未处理"": ""50.98±1.79°"", ""接触角-去离子水-200°C-3h"": ""69.66±1.61°"", ""接触角-乙二醇-200°C-3h"": ""39.80±1.62°"", ""接触角-去离子水-200°C-12h"": ""69.04±4.87°"", ""接触角-乙二醇-200°C-12h"": ""37.65±4.24°"", ""接触角-去离子水-500°C-3h"": ""68.43±1.40°"", ""接触角-乙二醇-500°C-3h"": ""31.46±3.23°"", ""接触角-去离子水-500°C-12h"": ""65.02±3.53°"", ""接触角-乙二醇-500°C-12h"": ""17.84±0.96°"", ""表面能特征"": ""分散力组分为主导，随保温时间和加热温度增加，总表面能和分散力组分增加，极性组分降低""}","{""未处理相组成"": ""主要为fcc-α相和少量hcp-ε Co-Cr固溶体相"", ""200°C相组成"": ""α相和ε相，某取向的ε相消失"", ""500°C相组成"": ""出现氧化铬相Cr₂O₃，含量随保温时间增加"", ""氧化膜厚度-未处理"": ""0.41 nm"", ""氧化膜厚度-200°C 3h"": ""2.49 nm"", ""氧化膜厚度-200°C 12h"": ""3.50 nm"", ""氧化膜厚度-500°C 3h"": ""74.81 nm"", ""氧化膜厚度-500°C 12h"": ""90.62 nm"", ""500°C稳定氧化层深度"": ""约60 nm"", ""500°C稳定层成分"": ""Co约1%，Cr约26%，Mo约1%，O约70%"", ""氧化膜成分-未处理"": ""CoO、Cr₂O₃、MoO₂混合氧化膜，厚度≤10 nm"", ""氧化膜成分-200°C"": ""CoO、Cr₂O₃混合氧化膜，厚度≤10 nm，Cr₂O₃在氧化膜与基体界面聚集"", ""氧化膜成分-500°C"": ""表面完全为柱状Cr₂O₃单一氧化膜"", ""氧化机制"": ""初期Co选择性氧化和Cr内氧化，高温下Cr优先氧化形成Cr₂O₃保护膜""}",,,,,,,,,,,"{""表面处理方法"": ""高温氧化处理"", ""氧化温度"": ""200°C或500°C"", ""保温时间"": ""3 h或12 h"", ""升温速率"": ""10°C/min"", ""冷却方式"": ""空冷"", ""蛋白吸附测试"": ""QCM石英晶体微天平"", ""BSA溶液浓度"": ""1%"", ""测试时间"": ""12 h"", ""蛋白吸附时间"": ""6 h或12 h"", ""BSA浓度"": ""1%"", ""蛋白吸附实验"": ""1% BSA溶液浸泡6 h或12 h""}","{""BSA吸附对腐蚀影响-未处理"": ""BSA吸附区域电位降低，更易发生腐蚀"", ""BSA吸附对腐蚀影响-200°C"": ""BSA吸附不影响基体腐蚀"", ""BSA吸附对腐蚀影响-500°C"": ""无BSA吸附，表面电位均匀"", ""腐蚀行为-未处理样品"": ""BSA多层吸附"", ""腐蚀行为-200°C样品"": ""BSA单层吸附，浸泡12 h后BSA区域电位降低，表面易发生腐蚀"", ""腐蚀行为-500°C样品"": ""BSA不吸附"", ""吸附机制"": ""主要为疏水相互作用"", ""吸附规律"": ""温度升高，BSA吸附量减少；相同温度下保温时间对吸附量无显著影响""}",,"{""蛋白类型"": ""牛血清白蛋白(BSA)"", ""蛋白分子量"": ""约66.3 kDa"", ""蛋白尺寸"": ""15×3.8×3.8 nm"", ""类型"": ""PBS+BSA"", ""成分"": ""磷酸盐缓冲液+牛血清白蛋白"", ""BSA浓度"": ""1%"", ""pH"": ""7.2-7.4"", ""PBS组成"": ""8 g NaCl, 0.2 g KCl, 1.44 g Na₂HPO₄, 0.24 g KH₂PO₄ per litre"", ""浓度"": ""1%"", ""蛋白质"": ""牛血清白蛋白(BSA)"", ""BSA等电点"": ""4.7-4.9""}",,,"{""分析方法"": ""AES俄歇电子能谱、XPS X射线光电子能谱、GIXRD掠入射X射线衍射"", ""表征内容"": ""氧化后表面化学性质"", ""未处理表面最大O含量"": ""76%"", ""未处理表面Co/Cr/Mo含量"": ""较低"", ""500°C稳定层Co价态"": ""Co²⁺"", ""500°C稳定层Cr价态"": ""Cr³⁺和Cr⁴⁺"", ""500°C稳定层Mo价态"": ""浓度极低"", ""200°C Cr价态"": ""主要为Cr³⁺"", ""500°C Cr价态"": ""出现Cr⁴⁺"", ""表面氧化物"": ""CoO、Cr₂O₃形成Co(OH)₂和Cr(OH)₃"", ""元素迁移特征"": ""Cr迁移速率大于Co和Mo"", ""BSA吸附量-1h"": ""饱和约2.4×10⁻⁷ g"", ""BSA吸附量-12h"": ""1.5×10⁻⁷ g"", ""BSA吸附机制"": ""初期端向吸附（end-on），后转为侧向吸附（side-on）"", ""BSA吸附形态-未处理"": ""多层吸附，高度约100 nm，初始为端向吸附(end-on)，随后转变为侧向吸附(side-on)"", ""BSA吸附形态-200°C 3h"": ""单层吸附，高度约4 nm，覆盖面积小"", ""BSA吸附形态-200°C 12h"": ""单层吸附，高度约4 nm，覆盖面积小"", ""BSA吸附形态-500°C 3h"": ""无明显BSA吸附"", ""BSA吸附形态-500°C 12h"": ""无明显BSA吸附"", ""表面形貌特征"": ""500°C处理后表面出现均匀的柱状Cr₂O₃颗粒"", ""氧化膜结构-未处理和200°C样品"": ""双层氧化膜"", ""氧化膜结构-500°C样品"": ""单层氧化膜"", ""氧化膜组成"": ""CoO和Cr₂O₃"", ""极性规律"": ""Co极性大于CoO，CoO极性大于Cr₂O₃"", ""元素反应特性"": ""Cr与O亲和力强，Cr的迁移和反应速率大于Co""}",,,,b1_6_表面能对蛋白吸收的影响,,
AJ_20251103_5eb8abd1,人工膝关节置换术后下蹲动力学分析,膝关节,,"{""部件名称"": ""股骨髁假体""}",,,,,,,,"{""部件名称"": ""人工半月板""}",,,,,,"{""实验类型"": ""下蹲动力学仿真"", ""分析软件"": ""LifeMOD/ADAMS"", ""屈曲角度"": ""从伸直位至85°再回复伸直位"", ""运动类型"": ""下蹲"", ""体重"": ""77 kg""}",,,,"{""运动评价"": ""股骨髁假体与人工半月板在下蹲动作中接触良好，运动轨迹良好"", ""内外方向剪力"": ""与健康水平基本持平"", ""法向接触力"": ""略高于健康水平"", ""前后方向剪力"": ""略高于健康水平"", ""变化趋势"": ""与健康水平基本一致""}","{""运动评价"": ""人工半月板与股骨髁假体在下蹲动作中接触良好""}",,,,,b2_2_个性化人工膝关节设计及其生物力学特性研究_马妮,,2025-11-03 06:31:42
AJ_20251103_37dfaae1,CoCrMo合金缝隙腐蚀实验-0.07mm缝宽,髋关节,,"{""材料类别"": ""CoCrMo合金"", ""材料编号"": ""ASTM F1537-11""}",,,,,,,,,,,,,,,,,,,,,"{""测试设备"": ""Wire beam electrode (WBE)"", ""缝隙宽度"": ""0.07 mm"", ""浸泡时间"": ""14天""}","{""类型"": ""BSA溶液"", ""浸泡时间"": ""14天"", ""成分"": ""牛血清白蛋白溶液""}","{""腐蚀电流密度"": ""最大420 nA/cm²"", ""电流密度比"": ""为其他两种缝宽的1.6-1.8倍，为无缝隙的5倍"", ""缝隙内电位降"": ""约18 mV"", ""缝隙内pH-BSA溶液"": ""4.0"", ""腐蚀特征"": ""缝隙内腐蚀充分扩展，缝隙口附近存在明显阴极区，pH降低最多，腐蚀速率最快"", ""腐蚀机制"": ""蛋白质在缝隙口迁移并堵塞，改变实际缝隙宽度，影响腐蚀起始和扩展"", ""腐蚀起始位置"": ""缝隙宽度较大(0.07 mm)时腐蚀起始于缝隙深处"", ""浸泡14天"": ""0.07 mm缝宽时腐蚀电流达到最大值，是无缝隙CoCrMo合金的5倍"", ""BSA溶液影响"": ""蛋白质替代部分Cl-迁移进入缝隙，导致Cl-浓度降低，腐蚀速率低于NaCl溶液""}",b2_10_蛋白对钴铬钼缝隙腐蚀的影响,,2025-11-03 06:31:42
AJ_20251103_13d8949c,CoCrMo合金在0.9% NaCl+BSA溶液中的摩擦腐蚀实验,,Int. J. Electrochem. Sci.-Xinyi Li等-2017年,"{""材料类别"": ""CoCrMo合金"", ""材料标准"": ""ASTM F75-1987"", ""直径"": ""20 mm"", ""厚度"": ""5 mm"", ""加工工艺"": ""锻造"", ""表面处理"": ""SiC砂纸研磨至3000目后金刚石膏抛光""}","{""Co"": ""63 wt%"", ""Cr"": ""28 wt%"", ""Mo"": ""5 wt%"", ""C"": ""0.2 wt%"", ""其他"": ""少量Ni、Si等""}",,,,,,,,,,,,,"{""测试设备"": ""UMT-II往复式磨损试验机"", ""对偶材料"": ""ZrO2球"", ""对偶直径"": ""5 mm"", ""载荷"": ""2N, 3N, 5N"", ""频率"": ""0.03 Hz, 0.08 Hz, 0.12 Hz"", ""滑动距离"": ""15 mm"", ""运动形式"": ""往复滑动"", ""施加电位"": ""0.2 V vs. Ag/AgCl""}","{""腐蚀行为"": ""施加电位0.2V vs. Ag/AgCl时，随着滑动开始，电流增加对应表面氧化膜破裂，呈现周期性电流变化。电流峰值在滑动速度最高时达到最大，随滑动速度降至零而逐渐减小至最小值，对应去钝化-再钝化过程"", ""电流变化规律-0.9% NaCl"": ""前两个循环电流峰值逐渐增加，后续循环趋于稳定"", ""钝化膜特性"": ""第一个循环为初始形成的钝化膜，后续循环反映再钝化膜的性能。再钝化膜的结构不如原始氧化膜致密"", ""氧化膜成分-直接浸泡OCP"": ""外层Cr原子浓度显著较高，Cr富集于最外层表面，Co因优先释放而减少"", ""氧化膜成分-去钝化后0.2V"": ""外层氧化膜中Co/Cr比值降低，O/(Co+1.5Cr)比值显著升高，外层钴氧化物主要以CoO/Co(OH)₂形式存在"", ""摩擦力"": ""在0.9% NaCl溶液中摩擦力较高""}",,"{""类型"": ""0.9% NaCl+BSA溶液"", ""成分"": ""0.9 wt% NaCl + 10 g/L牛血清白蛋白 (BSA)""}",,,"{""分析方法"": ""AES深度分析"", ""氧化膜厚度"": ""不同测试条件下无显著差异"", ""Cr含量"": ""直接浸泡样品外层Cr原子浓度显著较高"", ""氧化膜组成-直接浸泡"": ""主要含Cr₂O₃和CoO，空气中形成的氧化膜未完全溶解"", ""氧化膜组成-去钝化后"": ""外层钴氧化物主要为CoO/Co(OH)₂形式"", ""Co/Cr比值"": ""去钝化样品外层氧化膜Co/Cr比值降低"", ""O/(Co+1.5Cr)比值"": ""去钝化样品显著升高""}",,,,b2_1_钴铬钼表面钝化,,2025-11-03 06:31:42
AJ_20251103_7bfe288b,CoCrMo-PEEK膝关节扭动和摆动摩擦腐蚀实验,膝关节,,"{""材料类别"": ""CoCrMo合金""}",,,,,,,,"{""材料类别"": ""PEEK"", ""材料全称"": ""聚醚醚酮""}",,,,,,"{""运动形式"": ""扭动和摆动两种运动形式""}","{""腐蚀行为"": ""扭动条件下腐蚀电流在后期出现下降阶段，腐蚀速度逐渐降低"", ""表面磨损影响"": ""表面磨损对CoCrMo合金的腐蚀倾向影响较小"", ""腐蚀性能对比"": ""与PEEK配副的腐蚀性能优于与高交联UHMWPE配副""}",,,,"{""扭动条件磨损机制"": ""中心区域以塑性变形为主，外围以粘着磨损和磨粒磨损为主"", ""摆动条件磨损机制"": ""主要表现为磨粒磨损""}",,,,,b1_3_人工膝关节接触力学与磨损仿真研究_高勇涛,,2025-11-03 06:31:42
AJ_20251103_77c443f0,30%沥青基CFR-PEEK对氧化锆球窝式髋关节模拟器实验,髋关节,,"{""材料类别"": ""氧化锆股骨头""}",,,,,,,,"{""材料类别"": ""30% 沥青基CFR-PEEK""}","{""填料类型"": ""沥青基碳纤维"", ""填料含量"": ""30%""}",,,,,"{""测试设备"": ""球窝式髋关节模拟器""}",,,,,"{""磨损率对比"": ""比PAN基复合材料、未填充PEEK和UHMWPE与CoCr和氧化铝配副低1-2个数量级"", ""最佳材料组合"": ""30% 沥青基CFR-PEEK与氧化锆股骨头""}",,,,,b1_5_peek_纤维增强peek,,2025-11-03 06:31:42
AJ_20251103_d9288017,EnduRo旋转铰链膝关节CFR-PEEK衬套实验,膝关节,Grupp等研究-Aesculap EnduRo,"{""材料类别"": ""CoCr合金股骨组件"", ""表面处理"": ""多层陶瓷涂层和未涂层对照""}",,,,,,,,"{""材料类别"": ""30% PAN纤维增强PEEK(PEEK OPTIMA LT1 CA 30)"", ""组件类型"": ""铰链衬套和法兰"", ""设计类型"": ""旋转铰链设计""}","{""填料类型"": ""PAN碳纤维"", ""填料含量"": ""30%""}",,,,,"{""测试设备"": ""Endolab膝关节模拟器"", ""测试标准"": ""ISO 14243"", ""循环次数"": ""5×10⁶ cycles"", ""胫骨平台材料"": ""伽马惰性灭菌GUR 1020 UHMWPE""}",,,,,"{""磨损率-陶瓷涂层"": ""0.2 mm³/10⁶ cycles"", ""磨损率对比"": ""与未涂层CoCr相比低一个数量级"", ""磨屑尺寸"": ""主要在0.1-0.2 μm范围内""}",,,,,PEEK材料用于关节置换综述,,2025-11-03 06:31:42
AJ_20251103_8ee2be6d,CoCrMo合金氮离子注入表面改性实验,,Elsevier B.V.-Zijian Guo等-2015年,"{""材料类别"": ""CoCrMo合金"", ""材料编号"": ""ASTM F-75"", ""试样形状"": ""圆盘"", ""直径"": ""20 mm"", ""厚度"": ""5 mm"", ""表面处理"": ""抛光至镜面"", ""表面粗糙度"": ""Ra约1.4 nm"", ""表面粗糙度-未处理"": ""1.4 nm"", ""表面粗糙度-离子注入后"": ""3-3.7 nm""}","{""Co"": ""Bal."", ""Cr"": ""26.5-30.0 wt%"", ""Mo"": ""4.5-7.0 wt%"", ""Si"": ""≤1.0 wt%"", ""Mn"": ""≤1.0 wt%"", ""Ni"": ""≤2.5 wt%"", ""Fe"": ""≤1.0 wt%"", ""C"": ""≤0.35 wt%""}","{""纳米压痕硬度-未注入"": ""基底硬度"", ""纳米压痕硬度-注入后"": ""随注入剂量增加而增加"", ""硬度增加机制"": ""压缩残余应力和CrN相形成""}","{""表面改性工艺"": ""氮离子注入"", ""注入能量"": ""100 keV"", ""注入剂量"": ""1.5×10¹⁷, 2.0×10¹⁷, 2.5×10¹⁷, 3.5×10¹⁷, 4.0×10¹⁷ N⁺/cm²"", ""等离子功率"": ""1000 W"", ""频率"": ""2.45 GHz"", ""改性层微观结构"": ""纳米晶CrN嵌入非晶CoCrMo基体的复合结构"", ""相组成-未处理"": ""fcc γ-(Co,Cr,Mo) 和 hcp ε-(Co,Cr,Mo)"", ""相变化"": ""随注入剂量增加，hcp ε-(Co,Cr,Mo)强度逐渐减弱直至消失"", ""氮分布"": ""最大氮浓度出现在深度约15 nm处，呈非高斯分布"", ""表面特征"": ""离子注入后晶粒边界清晰，出现蚀刻效应和气泡状形貌"", ""基底相组成"": ""fcc奥氏体和孪晶hcp马氏体"", ""注入后相组成-1.5×10¹⁷ N⁺/cm²"": ""γN相和CrN相"", ""注入后相组成-2.5×10¹⁷ N⁺/cm²"": ""CrN相为主，γN相消失，形成非晶和纳米晶"", ""注入后相组成-4.0×10¹⁷ N⁺/cm²"": ""非晶相，纳米晶CrN嵌入非晶表面"", ""表层深度34nm相组成"": ""γN相和CrN相"", ""孪晶hcp马氏体"": ""注入后消失"", ""相组成"": ""注入前为hcp-CoCrMo相和fcc-CoCrMo相，注入后近表面hcp相消失"", ""注入后相变"": ""形成过饱和固溶体γN相，随后析出CrN相"", ""高剂量微观组织"": ""2.0×10¹⁷至2.5×10¹⁷ N⁺/cm²剂量下近表面形成非晶层"", ""纳米晶组织"": ""2.5×10¹⁷ N⁺/cm²剂量下形成纳米晶CrN，剂量越高纳米晶比例越高"", ""相变规律"": ""低剂量时N保持在固溶体中形成γN相，高剂量超过溶解度极限后析出Cr氮化物""}",,,,,,,,,,"{""表面润湿性"": ""氮离子注入后接触角从70.1°增加至>90°，由亲水性转变为疏水性"", ""表面形貌"": ""离子注入后表面呈现气泡状结构"", ""表面粗糙度测试"": ""AFM测试，扫描尺寸50×50 μm""}","{""测试设备"": ""往复式球-盘摩擦腐蚀设备 (UMT-2)"", ""对磨球材料"": ""氮化硅 (Si3N4)"", ""对磨球直径"": ""5 mm"", ""载荷"": ""5 N"", ""接触压力"": ""928 MPa (赫兹接触压力)"", ""滑动频率"": ""1 Hz"", ""行程长度"": ""15 mm"", ""测试标准"": ""ASTM G133"", ""实验时长"": ""4 h"", ""测试条件"": ""开路电位 (OCP)""}","{""腐蚀电流密度"": ""注入后降低一个数量级"", ""扫描速率"": ""1 mV/s"", ""电位范围"": ""-800 mV至1800 mV"", ""参比电极"": ""Ag/AgCl饱和电极"", ""摩擦腐蚀电位-未改性"": ""-0.4至-0.6后约-0.5 V vs. Ag/AgCl"", ""摩擦腐蚀电位-注入后"": ""保持在约0.05 V vs. Ag/AgCl几乎不变"", ""电化学测试方法"": ""三电极体系 (工作电极-试样, 参比电极-Ag/AgCl, 对电极-铂丝)"", ""测试条件"": ""开路电位 (OCP)"", ""测试步骤"": ""(1)OCP稳定30 min; (2)OCP下摩擦4 h; (3)摩擦后OCP监测30 min"", ""氮离子注入剂量-OCP变化"": ""离子注入后OCP随注入剂量增加而升高"", ""最佳腐蚀性能剂量"": ""2.5×10¹⁷ N⁺/cm²注入剂量表现最佳耐腐蚀性"", ""腐蚀电流密度变化"": ""注入剂量<3.5×10¹⁷ N⁺/cm²时腐蚀电流逐渐降低，>3.5×10¹⁷ N⁺/cm²时腐蚀电流增加"", ""极化电阻变化"": ""注入剂量<3.5×10¹⁷ N⁺/cm²时极化电阻逐渐增加，>3.5×10¹⁷ N⁺/cm²时极化电阻降低"", ""金属离子释放测试"": ""ICP-MS测量NBS中Co和Cr离子浓度"", ""开路电位-未处理"": ""参见图5(a)"", ""开路电位-离子注入后"": ""高于未处理样品，随注入剂量增加而升高"", ""电位变化-区域1"": ""磨损前，不同氮离子剂量样品在NBS中呈现不同OCP"", ""电位变化-区域2"": ""磨损开始时电位瞬间下降(去钝化)，随后维持相对恒定水平，形成磨损痕迹与周围钝化表面之间的活性-钝性电池"", ""电位变化-区域3"": ""电位恢复对应膜钝化"", ""电位急剧下降"": ""1.5×10¹⁷、2.0×10¹⁷和2.5×10¹⁷ N⁺/cm²样品在磨损开始约1500 s后电位急剧下降，归因于改性层损伤导致基体材料暴露"", ""稳定性"": ""3.5×10¹⁷和4.0×10¹⁷ N⁺/cm²样品电位无急剧下降，表明基体材料未暴露"", ""腐蚀机制"": ""静态腐蚀与摩擦腐蚀测试结果相反，表明静态腐蚀与摩擦腐蚀无相关性"", ""最佳耐腐蚀剂量"": ""4.0×10¹⁷ N⁺/cm²呈现最佳耐腐蚀性"", ""腐蚀性能"": ""氮离子注入可提高CoCrMo合金耐腐蚀性，不同剂量耐腐蚀性有差异"", ""最佳剂量"": ""2.5×10¹⁷ N⁺/cm²剂量显示最佳耐腐蚀性"", ""高剂量影响"": ""更高剂量注入会增加注入层损伤，降低注入层密度从而降低耐腐蚀性"", ""非晶化影响"": ""非晶度越高耐腐蚀性越好，纳米晶在非晶基体中析出会降低耐腐蚀性"", ""离子释放"": ""摩擦腐蚀测试中金属离子释放主要来自摩擦接触区和磨损碎屑""}",,"{""类型"": ""新生牛血清 (NBS)"", ""成分"": ""newborn bovine serum"", ""温度"": ""浸泡在NBS中""}","{""摩擦系数-未改性"": ""0.35"", ""摩擦系数-4×10¹⁷N⁺/cm²注入"": ""0.15"", ""磨损体积-未处理"": ""参见图6"", ""磨损体积-离子注入后"": ""随氮离子注入剂量增加显著降低"", ""耐磨性提升"": ""3.5×10¹⁷ N⁺/cm²或4.0×10¹⁷ N⁺/cm²剂量使耐磨性提高约100倍"", ""磨损形貌-未处理"": ""塑性变形和尖锐犁沟"", ""磨损形貌-离子注入后"": ""较浅且相对光滑的沟槽和较少的磨损坑，更高剂量导致更浅的犁沟"", ""摩擦系数-未处理"": ""约0.34 (整个测试期间保持恒定)"", ""摩擦系数-离子注入后"": ""随注入剂量增加而降低"", ""摩擦系数变化"": ""1.5×10¹⁷、2.0×10¹⁷和2.5×10¹⁷ N⁺/cm²样品在约1500 s后出现急剧变化"", ""对磨球磨损"": ""氮化硅球表面有少量磨损损伤，犁沟和磨损坑，最大磨损深度约4 μm"", ""磨损性能"": ""离子注入后耐磨性提高，与表面硬度增加相关"", ""3.5×10¹⁷剂量磨损"": ""磨损损失降低约100倍"", ""磨损机制"": ""硬度增加导致耐磨性提高，磨损质量损失与金属硬度成反比"", ""润滑机制"": ""蛋白质在表面吸附形成边界润滑层或摩擦膜，有效降低表面损伤""}",,"{""AES分析"": ""在2.0×10¹⁷ N⁺/cm²注入样品上进行, 基压3×10⁻⁷ Pa, 深度剖析使用3 kV 30 mA氩离子束, 溅射速率69 nm/min"", ""XRD分析"": ""掠入射XRD (GIXRD)检测近表面晶体结构, 掠入射角0.5°和3°, CuKα辐射(λ=1.5404 Å), 扫描速率3°/min"", ""XPS分析"": ""使用AlKα X射线源(1486.6 eV), 结合能校准使用C1s峰284.8 eV"", ""TEM分析"": ""检测氮离子注入引起的微观组织变化"", ""分析方法"": ""AES (俄歇电子能谱)、XRD、GIXRD、AFM"", ""氮分布特征"": ""AES显示氮呈非高斯分布，氮原子向表面迁移，最大氮浓度在约15 nm深度"", ""元素分布"": ""表面顶部15 nm处Cr和Mo浓度急剧下降，Co含量急剧增加，表明Cr和Mo对N的亲和力大于Co对N的亲和力"", ""Co离子释放浓度"": ""大于Cr离子浓度，随氮离子注入剂量先增加后降低，2.0×10¹⁷ N⁺/cm²样品Co和Cr离子浓度最高"", ""Cr离子释放浓度"": ""低于Co离子浓度，变化趋势与Co相同"", ""表面相组成"": ""形成保护性氧化层，CrN相形成"", ""Cr信号"": ""注入后减弱"", ""Co信号"": ""注入后减弱"", ""Mo信号"": ""注入后减弱"", ""N信号"": ""形成CrN相"", ""表面偏析"": ""Cr和Mo在表面浓度高于近表面"", ""GIXRD检测深度"": ""0.5°入射角约34 nm"", ""表面形貌"": ""离子注入后抛光痕迹消失，表面出现气泡状结构"", ""润湿性变化"": ""材料由亲水性转变为疏水性"", ""蛋白吸附"": ""疏水性提高导致表面吸附蛋白质数量增加"", ""硬度机制"": ""硬度增加归因于注入引起的位错、压缩残余应力、亚稳态γN相形成、CrN析出、非晶结构和纳米晶相"", ""CrN作用"": ""CrN析出产生高应力集中在表层，导致残余应力积累，提高耐磨性和硬度；CrN相可作为位错运动的钉扎源"", ""纳米晶CrN"": ""纳米晶CrN相可大幅提高合金耐磨性""}",,,,b1_5_离子注入CoCrMo合金表面,,
AJ_20251103_5268f99d,CoCrMo合金-PBS+BSA溶液摩擦腐蚀实验-喷丸处理,,,"{""材料类别"": ""CoCrMo合金"", ""表面处理"": ""喷丸处理""}",,,"{""表层特征"": ""较厚的塑性变形层、高堆垛层错密度、表面纳米化"", ""残余应力"": ""表层残余压应力最大"", ""塑性变形"": ""强烈和持久的撞击""}",,,,,,,,,,,,"{""腐蚀电流密度"": ""0.035 μA/cm²"", ""腐蚀电位"": ""-0.262 V vs. Ag/AgCl"", ""维钝电流"": ""显著下降"", ""耐蚀能力"": ""最佳"", ""腐蚀性能对比"": ""与PEEK配副腐蚀性能优于与高交联UHMWPE配副""}",,"{""类型"": ""PBS+BSA溶液"", ""成分"": ""磷酸盐缓冲液+牛血清白蛋白""}",,,"{""分析方法"": ""XPS和Mott-Schottky"", ""Co组成"": ""Co(0)met 50.98 at%, Co(II)ox 49.02 at%"", ""Cr组成"": ""Cr(0)met 22.47 at%, Cr(III)ox 49.76 at%, Cr(III)hyd 27.76 at%"", ""Mo组成"": ""Mo(0)met 68.10 at%, Mo(VI)ox 31.90 at%"", ""氧化物含量"": ""最高，主要以CoO和Cr₂O₃形式存在"", ""施主浓度"": ""1.71×10²⁰ cm⁻³"", ""平带电位"": ""-1.230 V vs. Ag/AgCl"", ""表面Zeta电位"": ""-10.17 mV (pH 7.4)"", ""等电荷点"": ""pH 6.7"", ""接触角"": ""77.1±1.8°""}",,,,b1_9_医用钴基合金的生物磨蚀行为研究_王忠维,,2025-11-03 06:31:43
AJ_20251103_ba9e481a,CoCrMo-CoCrMo微动腐蚀实验,,"Syracuse University-Viswanathan Swaminathan, Jeremy L. Gilbert-2012","{""材料类别"": ""CoCrMo"", ""接触直径"": ""0.35-0.8 mm"", ""材料标准"": ""ASTM F1537"", ""表面处理"": ""抛光至600号砂纸""}",,,"{""表面特征"": ""微动后塑性变形程度低于钛合金表面，微动痕迹清晰""}","{""材料类别"": ""CoCrMo"", ""材料标准"": ""ASTM F1537"", ""表面处理"": ""抛光至600号砂纸""}",,,,,,,,,,,,,,,,,"{""电化学条件"": ""恒电位0 V vs. Ag/AgCl"", ""测试设备"": ""压电驱动微动腐蚀测试系统"", ""接触应力"": ""2-1000 MPa"", ""载荷范围"": ""0.5-50 N"", ""位移幅值"": ""50-100 μm"", ""频率"": ""最高10 Hz"", ""接触直径"": ""0.35-0.8 mm"", ""力传感器分辨率"": ""0.25 N"", ""位移传感器分辨率"": ""1 μm"", ""循环次数"": ""200 cycles"", ""暴露区域直径"": ""2.3 mm"", ""完全黏着转变载荷"": ""45 N"", ""位移模式"": ""全滑移-黏滑-全黏着过渡""}","{""参比电极"": ""Ag/AgCl"", ""对电极"": ""碳棒"", ""类型"": ""PBS"", ""成分"": ""磷酸盐缓冲液"", ""pH"": ""7.4"", ""温度"": ""室温""}","{""微动腐蚀电流"": ""1.2 mA/cm²"", ""摩擦系数"": ""随载荷增加而降低"", ""电化学测试"": ""三电极系统(碳对电极, Ag/AgCl参比电极)"", ""腐蚀电流响应"": ""腐蚀电流随载荷增加至20 N后开始下降(约4000 s时)"", ""界面行为"": ""载荷增加导致粘着部分增加, 滑移运动减少"", ""表面状态"": ""载荷越高, 峰-峰运动幅值降低, 粘着曲线部分增加"", ""分析方法"": ""SEM表征"", ""能量耗散"": ""每个循环的界面能量耗散已计算"", ""腐蚀电流密度峰值"": ""1.2 mA/cm² (350 MPa应力)"", ""腐蚀电流密度平台区"": ""100-650 MPa (平台区最宽)"", ""摩擦系数初始值"": ""约0.8"", ""摩擦系数稳定值"": ""0.3"", ""摩擦区域"": ""完全滑移→黏滑→完全黏着"", ""系统刚度"": ""0.9-1.4 N/μm"", ""腐蚀电流密度变化"": ""在约80-100 MPa达到平台，平台区较宽，随后下降"", ""摩擦系数与腐蚀关系"": ""更高的摩擦系数导致更高的腐蚀电流密度"", ""微动电流密度"": ""约0.5-1 mA/cm²"", ""单位机械能产生电流"": ""3 μA/cm²/μJ"", ""每循环功"": ""最高"", ""表面形貌"": ""微动痕迹清晰可见，塑性变形较Ti6Al4V/Ti6Al4V少"", ""氧化膜特性"": ""相对更强且韧性更好"", ""硬度影响"": ""较高硬度导致微动电流密度降低"", ""表面变形"": ""塑性变形程度远小于Ti6Al4V，但微动痕迹清晰可见"", ""腐蚀电流密度"": ""显示较低的电流瞬态值"", ""膜破裂载荷"": ""需要更高载荷才能造成膜破裂"", ""微动状态"": ""全滑移、部分滑移、全粘着三种状态"", ""机械能量耗散"": ""与电化学电流呈强线性相关"", ""腐蚀损伤"": ""混合金属或相似合金组合中损伤程度相同""}",b1_2_CoCrMo与钛合金界面微动腐蚀,,2025-11-03 06:31:43
AJ_20251103_d98c2ccc,316L不锈钢-Si3N4往复摩擦腐蚀实验,髋关节,"Wear-Yu Yan, Anne Neville, Duncan Dowson-School of Mechanical Engineering, University of Leeds","{""材料类别"": ""不锈钢"", ""材料编号"": ""UNS S31603 (316L)"", ""表面粗糙度"": ""Ra≈0.01 μm""}","{""C"": ""0.03 wt%"", ""Cr"": ""17 wt%"", ""Fe"": ""余量"", ""Ni"": ""13 wt%""}","{""硬度"": ""290±18 HV500""}",,,,,,"{""材料类别"": ""Si3N4"", ""材料全称"": ""氮化硅陶瓷球"", ""直径"": ""12 mm""}",,,,,,"{""测试设备"": ""往复式摩擦磨损试验机 (ASTM G133)"", ""载荷"": ""80 N"", ""频率"": ""1 Hz"", ""行程长度"": ""10 mm"", ""温度"": ""37°C"", ""运动形式"": ""往复滑动""}","{""击穿电位-50%血清"": ""与0.36% NaCl溶液相似"", ""静态腐蚀速率-50%血清"": ""0.11±0.012 mm³/year"", ""静态腐蚀速率-0.36%NaCl"": ""0.03±0.010 mm³/year"", ""滑动腐蚀速率-50%血清"": ""4.62±0.032 mm³/year"", ""滑动腐蚀速率-0.36%NaCl"": ""3.37±0.030 mm³/year"", ""腐蚀速率增加倍数"": ""20-60倍 (滑动相比静态)"", ""电位控制"": ""0.2 V和0.4 V (钝化区)"", ""扫描速率"": ""1.5 mV/min"", ""停止电流密度"": ""500 μA/cm²"", ""腐蚀电流-0.2V"": ""约30 μA (Zone 2)，但高于CoCrMo合金且振荡明显"", ""腐蚀电流-0.4V"": ""约20 μA，不稳定，点蚀发生在磨痕外"", ""腐蚀行为"": ""0.36% NaCl中电流持续增加且振荡，50%血清中电流振荡大于CoCrMo"", ""腐蚀倾向"": ""蛋白质和氨基酸加速腐蚀速率，特别是316L受影响明显"", ""点蚀特征"": ""0.4V条件下磨痕外观察到点蚀""}",,"{""类型"": ""PBS+血清或NaCl溶液"", ""成分"": ""50%牛血清"", ""蛋白浓度"": ""62 g/l (白蛋白40%, Alpha 1和2占30%, Beta 18%, Gamma 12%)"", ""pH"": ""7.8"", ""电导率"": ""0.68 mS/cm"", ""钠离子浓度"": ""60 mmol/l"", ""钾离子浓度"": ""4 mmol/l"", ""钙离子浓度"": ""0.9 mmol/l"", ""镁离子浓度"": ""0.6 mmol/l"", ""氨基酸"": ""丙氨酸、甘氨酸、谷氨酸等"", ""血清溶液"": ""50% serum"", ""NaCl溶液"": ""0.36% NaCl"", ""温度"": ""37°C"", ""成分选项1"": ""50% 牛血清"", ""成分选项2"": ""0.36% NaCl溶液""}","{""摩擦系数-OCP"": ""0.14初始值"", ""摩擦系数-0.2V"": ""<0.1但高于CoCrMo合金，振荡较大"", ""摩擦系数-0.4V"": ""稳定但低于0.2V"", ""磨损行为"": ""负电位和正电位均降低材料退化，但材料损失高于CoCrMo合金""}",,"{""分析方法"": ""XPS (X射线光电子能谱)"", ""吸附膜厚度"": ""3-4 nm"", ""膜层结构"": ""单层"", ""X射线源"": ""Al Kα (hν=1486.6 eV)"", ""刻蚀速率-碳"": ""0.1 nm/s"", ""刻蚀速率-Cr2O3"": ""0.08 nm/s"", ""白蛋白分子尺寸"": ""3×3×8 nm"", ""表面电荷"": ""负电荷"", ""金属有机物种"": ""Co氧化物和Cr氧化物/氢氧化物形成复合物""}",,,,MOM tribofilm on CoCrMo,,2025-11-03 06:31:43
AJ_20251103_098c08b0,膝关节聚乙烯内衬背侧磨损研究-抛光钛基板部分周边捕获,膝关节,,,,,,,,,,"{""材料类别"": ""聚乙烯"", ""应用位置"": ""胫骨内衬"", ""设计类型"": ""模块化金属背衬胫骨组件"", ""品牌型号"": ""Genesis II (Smith & Nephew)"", ""树脂类型"": ""GUR 1020"", ""加工工艺"": ""压缩成型"", ""灭菌方式"": ""环氧乙烷灭菌"", ""交联类型"": ""非交联聚乙烯"", ""交联状态"": ""非交联""}",,,"{""基板材料"": ""钛合金"", ""基板表面"": ""抛光"", ""基板粗糙度"": ""Ra<0.08 μm""}",,,"{""实验类型"": ""植入物回收分析"", ""样本数量"": ""每组6个胫骨内衬"", ""体内时间要求"": ""≥4年"", ""匹配因素"": ""体内时间、患者年龄、BMI、性别、翻修次数、翻修原因"", ""分析方法"": ""视觉损伤评分、显微CT线性磨损率测量"", ""损伤模式评估"": ""8种(burnishing、abrasion、creep/deformation、scratching、pitting、delamination、embedded debris、dimpling)"", ""评分区域"": ""4个象限"", ""评分系统"": ""0-3分制"", ""评分者间信度"": ""ICC=0.66 (95% CI: 0.39-0.92)"", ""CT扫描参数"": ""各向同性体素间距50 μm，束能量90 kVp，电流40 mA"", ""测量精度"": ""偏差0.4-10 μm"", ""评分者一致性"": ""组内相关系数0.66 (95% CI: 0.39-0.92)""}",,,,,"{""锁定机制"": ""部分周边捕获带后部唇状边缘和前部约束"", ""锁定机制性能"": ""在既往回收研究中表现良好"", ""总损伤评分中位数"": ""12.5"", ""总损伤评分范围"": ""9.5-18.0"", ""总损伤评分95%CI"": ""9.58-16.42"", ""统计学差异"": ""p=0.019 (与Scorpio相比显著更低)"", ""磨损模式-抛光"": ""存在"", ""磨损模式-磨粒磨损"": ""存在"", ""磨损模式-冷流"": ""存在"", ""磨损模式-划痕"": ""存在"", ""磨损模式-点蚀"": ""存在"", ""磨损模式-压痕"": ""未见"", ""凹痕损伤"": ""0 (抛光钛基板无凹痕)"", ""线性磨损率"": ""中位数0.0083 mm/年, 范围0.0038-0.0111 mm/年, 95% CI 0.0050-0.0107 mm/年"", ""总损伤评分"": ""与线性磨损率呈正相关 (r=0.41, p=0.024)"", ""磨损率与聚乙烯厚度相关性"": ""r=-0.42, p=0.02"", ""总体损伤评分"": ""低于Scorpio非抛光设计"", ""磨损特征"": ""未观察到凹坑磨损"", ""与Triathlon对比"": ""无显著差异"", ""结论"": ""抛光基板配合坚固锁定机制具有最低背侧损伤和线性磨损""}",,,,,b2_10_胫骨平台设计对膝关节聚乙烯垫块背面磨损的影响,,2025-11-03 06:31:43
